id,pH,EC,OC,N,P,K,S,Ca,Mg,Zn,Cu,Fe,Mn,B,Mo,Tex,District,label
0,8.05,0.16,5.56,175.62,38.26,324.8,5.21,1884,288,1.82,0.2,2.83,2.8,0.23,0.13,LS,Almora,6
1,6.88,0.089,4.24,125.44,26.3,103,10.42,1484,336,1.62,0.45,6.27,5.6,0.23,0.04,LS,Almora,7
2,5.02,0.081,2.78,150.53,25.7,53.8,7.81,1644,504,2.84,0.44,21.08,24.11,0.23,0.09,Sa C L,Almora,7
3,5.64,0.164,10.54,188.16,24.7,190.4,10.42,1364,840,7.74,0.63,16.42,11.4,0.23,0.21,LS,Almora,6
4,7.22,0.167,11.41,163.07,40,210.6,10.42,2004,168,11.89,0.61,7.38,2.91,0.12,0.26,LS,Almora,6
5,5.86,0.185,20.93,188.16,13.91,432.3,5.21,1644,168,4.11,0.58,19.65,11.06,0.35,0.06,LS,Almora,6
6,5.8,0.125,16.98,238.34,29.5,122.1,10.42,2124,864,12.03,0.3,15.96,7.91,0.23,0.13,LS,Almora,6
7,6.64,0.233,15.07,125.44,33.04,329.3,5.21,2684,1056,1.53,0.54,13.18,8.51,0.59,0.06,LS,Almora,6
8,6.65,0.053,9.37,150.53,38.26,293.4,10.42,1644,624,0.39,0.32,9.01,12.42,0.23,0.22,Sa C L,Almora,6
9,6.15,0.046,19.61,301.06,46.3,324.8,10.42,1324,1392,20.7,0.12,4.2,4.8,0.12,0.07,Sa,Almora,5
10,6.42,0.213,26.05,137.98,24.8,137.8,5.21,1884,840,2.37,1.71,27.25,6.21,0.35,0.15,Sa L,Almora,6
11,6.62,0.023,7.32,125.44,29.57,135.5,10.42,1524,696,1.81,0.18,4.09,7.64,0.12,0.04,Sa L,Almora,6
12,6.11,0.068,8.34,163.07,38.26,119.8,7.81,1604,264,0.8,0.22,6.22,12.65,0.23,0.06,Sa L,Almora,6
13,6.27,0.046,5.27,188.16,24.8,257.6,10.42,1164,1968,1.8,0.11,5.79,19.49,0.35,0.3,Sa C L,Almora,6
14,6.29,0.065,3.22,213.25,13.91,123.2,10.42,964,120,0.54,0.12,4.68,10.81,0.7,0.26,Sa L,Almora,6
15,6.61,0.047,9.95,125.44,13.91,95.2,10.42,1244,2304,1.01,0.14,7.85,13.25,0.59,0.09,Sa L,Almora,7
16,5.82,0.067,7.46,175.62,29.6,246.4,7.81,2644,576,1.63,0.16,15.07,21.67,0.35,0.15,Si C L,Almora,6
17,5.71,0.047,11.12,125.44,33.04,200.5,5.21,2444,792,14.12,0.22,26.54,30.28,0.47,0.17,Si C L,Almora,6
18,6.22,0.149,2.63,238.34,29.57,509.6,2.6,1324,336,2.41,0.19,23.89,22.84,0.7,0.13,Si C L,Almora,6
19,6.32,0.064,11.56,313.6,25.6,468.2,10.42,1164,528,3.81,0.7,27.76,29.38,0.23,0.06,Si C L,Almora,5
20,6.35,0.046,17.85,188.16,38.26,253.1,5.21,1244,384,1.73,0.67,33.82,25.91,0.23,0.26,Si C L,Almora,6
21,6.45,0.063,14.78,200.7,25.8,179.2,10.42,1844,144,0.56,0.78,34.48,24.61,0.12,0.11,Si C L,Almora,6
22,6.1,0.04,7.46,175.62,40,324.8,10.42,1324,816,2.2,0.66,25.72,7.99,0.12,0.09,Sa C L,Almora,6
23,6.5,0.164,9.37,275.97,13.91,313.6,5.21,2044,960,2.73,0.54,20.24,4.79,0.23,0.22,Sa C L,Almora,6
24,6.53,0.09,12.59,125.44,33.04,523,10.42,1884,840,0.71,0.48,54.46,8.86,0.23,0.13,Sa L,Almora,6
25,4.92,0.087,10.24,213.25,33.04,216.2,7.81,1244,408,1,1.17,24.5,12.09,0.23,0.06,Sa L,Almora,6
26,5.42,0.051,11.71,150.53,29.57,329.3,10.42,1164,528,0.87,0.67,31.14,39.74,0.12,0.09,Sa C L,Almora,6
27,5.63,0.037,9.95,175.62,11.65,138.9,5.21,1244,480,2.18,0.77,24.89,22.86,0.23,0.15,Sa C L,Almora,6
28,8.05,0.16,5.56,175.62,38.26,324.8,5.21,1884,288,1.82,0.2,2.83,2.8,0.23,0.13,LS,Almora,6
29,6.88,0.089,4.24,125.44,26.3,103,10.42,1484,336,1.62,0.45,6.27,5.6,0.23,0.04,LS,Almora,7
30,5.02,0.081,2.78,150.53,25.7,53.8,7.81,1644,504,2.84,0.44,21.08,24.11,0.23,0.09,Sa C L,Almora,7
31,5.64,0.164,10.54,188.16,24.7,190.4,10.42,1364,840,7.74,0.63,16.42,11.4,0.23,0.21,LS,Almora,6
32,7.22,0.167,11.41,163.07,40,210.6,10.42,2004,168,11.89,0.61,7.38,2.91,0.12,0.26,LS,Almora,6
33,5.86,0.185,20.93,188.16,13.91,432.3,5.21,1644,168,4.11,0.58,19.65,11.06,0.35,0.06,LS,Almora,6
34,5.8,0.125,16.98,238.34,29.5,122.1,10.42,2124,864,12.03,0.3,15.96,7.91,0.23,0.13,LS,Almora,6
35,6.64,0.233,15.07,125.44,33.04,329.3,5.21,2684,1056,1.53,0.54,13.18,8.51,0.59,0.06,LS,Almora,6
36,6.65,0.053,9.37,150.53,38.26,293.4,10.42,1644,624,0.39,0.32,9.01,12.42,0.23,0.22,Sa C L,Almora,6
37,6.15,0.046,19.61,301.06,46.3,324.8,10.42,1324,1392,20.7,0.12,4.2,4.8,0.12,0.07,Sa,Almora,5
38,6.42,0.213,26.05,137.98,24.8,137.8,5.21,1884,840,2.37,1.71,27.25,6.21,0.35,0.15,Sa L,Almora,6
39,6.62,0.023,7.32,125.44,29.57,135.5,10.42,1524,696,1.81,0.18,4.09,7.64,0.12,0.04,Sa L,Almora,6
40,6.11,0.068,8.34,163.07,38.26,119.8,7.81,1604,264,0.8,0.22,6.22,12.65,0.23,0.06,Sa L,Almora,6
41,6.27,0.046,5.27,188.16,24.8,257.6,10.42,1164,1968,1.8,0.11,5.79,19.49,0.35,0.3,Sa C L,Almora,6
42,6.29,0.065,3.22,213.25,13.91,123.2,10.42,964,120,0.54,0.12,4.68,10.81,0.7,0.26,Sa L,Almora,6
43,6.61,0.047,9.95,125.44,13.91,95.2,10.42,1244,2304,1.01,0.14,7.85,13.25,0.59,0.09,Sa L,Almora,7
44,5.82,0.067,7.46,175.62,29.6,246.4,7.81,2644,576,1.63,0.16,15.07,21.67,0.35,0.15,Si C L,Almora,6
45,5.71,0.047,11.12,125.44,33.04,200.5,5.21,2444,792,14.12,0.22,26.54,30.28,0.47,0.17,Si C L,Almora,6
46,6.22,0.149,2.63,238.34,29.57,509.6,2.6,1324,336,2.41,0.19,23.89,22.84,0.7,0.13,Si C L,Almora,6
47,6.32,0.064,11.56,313.6,25.6,468.2,10.42,1164,528,3.81,0.7,27.76,29.38,0.23,0.06,Si C L,Almora,5
48,6.35,0.046,17.85,188.16,38.26,253.1,5.21,1244,384,1.73,0.67,33.82,25.91,0.23,0.26,Si C L,Almora,6
49,6.45,0.063,14.78,200.7,25.8,179.2,10.42,1844,144,0.56,0.78,34.48,24.61,0.12,0.11,Si C L,Almora,6
50,6.1,0.04,7.46,175.62,40,324.8,10.42,1324,816,2.2,0.66,25.72,7.99,0.12,0.09,Sa C L,Almora,6
51,6.5,0.164,9.37,275.97,13.91,313.6,5.21,2044,960,2.73,0.54,20.24,4.79,0.23,0.22,Sa C L,Almora,6
52,6.53,0.09,12.59,125.44,33.04,523,10.42,1884,840,0.71,0.48,54.46,8.86,0.23,0.13,Sa L,Almora,6
53,4.92,0.087,10.24,213.25,33.04,216.2,7.81,1244,408,1,1.17,24.5,12.09,0.23,0.06,Sa L,Almora,6
54,5.42,0.051,11.71,150.53,29.57,329.3,10.42,1164,528,0.87,0.67,31.14,39.74,0.12,0.09,Sa C L,Almora,6
55,5.63,0.037,9.95,175.62,11.65,138.9,5.21,1244,480,2.18,0.77,24.89,22.86,0.23,0.15,Sa C L,Almora,6
56,6.87,0.3,12.03,213.25,36.45,352.8,13.02,1884,1536,1.85,1.13,13.25,6.96,0.23,0.15,Sa L,Almora,6
57,6.92,0.13,16.52,288.51,33.14,431.2,10.42,1644,888,0.82,0.9,6.54,5.57,0.23,0.21,Sa L,Almora,5
58,4.88,0.11,17.39,163.07,19.88,359.5,5.21,2524,1200,0.66,0.67,50.03,52.65,0.12,0.07,L Sa,Almora,6
59,4.32,0.07,15.07,175.62,23.2,448,5.21,2444,1680,1,1.82,48.4,5.83,0.23,0.28,L Sa,Almora,6
60,4.3,0.06,15.8,238.34,33.14,300.2,18.23,2204,1392,2.72,1.31,63.8,5.23,0.23,0.21,L Sa,Almora,6
61,5.61,0.05,12.32,150.53,36.45,293.4,7.81,1244,864,1.54,1.56,51.31,11.58,0.32,0.06,L Sa,Almora,6
62,4.24,0.25,12.9,175.62,31.48,425.6,10.42,1164,1176,1.52,1.36,127,37.52,0.32,0.15,Si C L,Almora,6
63,6.25,0.15,8.41,125.44,21.54,403.2,13.02,1644,1200,1.57,2.09,13.81,6.09,0.32,0.07,Si C L,Almora,6
64,5.05,0.21,15.94,263.42,29.82,322.6,18.23,1884,1536,2.28,0.78,33.14,12.22,0.32,0.02,Si C L,Almora,6
65,4.56,0.13,10.43,163.07,11.6,498.4,5.21,2684,1608,1.26,1.29,44.3,42.03,0.16,0.06,Si C L,Almora,6
66,5.62,0.11,11.45,188.16,13.25,470.4,7.81,1964,960,0.8,1.13,33.22,51.74,0.48,0.15,Si C L,Almora,6
67,5.51,0.09,13.19,213.25,33.14,515.2,5.21,2204,1344,1.32,1.22,14.6,8.29,0.32,0.24,Sa C  L,Almora,6
68,5.49,0.06,13.91,125.44,33.14,465.9,10.42,2684,432,0.35,0.4,13.09,24.73,0.81,0.09,Sa C  L,Almora,6
69,4.85,0.08,13.91,301.06,11.6,537.6,5.21,1564,672,1.17,0.35,13.29,14.95,0.32,0.07,Sa C  L,Almora,3
70,5.01,0.04,12.46,150.53,16.57,537.6,13.02,1764,432,1.28,0.37,22.64,21.79,0.16,0.15,Sa C  L,Almora,6
71,6.25,0.06,13.04,163.07,13.25,330.4,18.23,1644,1008,4,0.28,15.05,26.06,0.48,0.04,Sa C  L,Almora,6
72,5.35,0.07,18.55,188.16,16.57,436.8,13.02,1964,1080,3.68,0.31,13.72,26.25,0.16,0.11,Sa C  L,Almora,6
73,5.51,0.06,14.35,301.06,31.48,319.2,10.42,1644,1680,2.1,0.81,21.36,50.8,0.32,0.09,Sa L,Almora,5
74,4.52,0.15,13.19,175.62,31.2,414.4,5.21,1484,1296,3.76,0.93,26.19,23.07,0.48,0.07,Sa L,Almora,6
75,4.98,0.13,7.68,263.42,36.2,537.6,10.42,1364,1440,4.79,0.69,12.86,15.12,0.97,0.15,Sa L,Almora,6
76,5.57,0.08,9.71,163.07,31.48,436.8,13.02,964,1032,2.04,0.36,16.61,16.67,0.81,0.13,Sa C  L,Almora,6
77,5.92,0.13,10.43,238.34,28.17,358.4,10.42,1324,1080,6.53,0.49,15.02,10.09,0.48,0.06,Sa C  L,Almora,6
78,4.65,0.17,13.48,213.25,19.88,366.2,10.42,1644,1728,3.14,0.57,22.18,16.63,0.65,0.11,Sa C  L,Almora,6
79,4.75,0.2,13.77,125.44,23.2,515.2,7.58,2364,576,14.98,0.91,9.31,19.83,0.97,0.02,Si C  L,Almora,6
80,5.15,0.07,12.9,137.98,28.17,537.6,7.58,1884,1680,7.69,0.66,24.37,8.7,0.32,0.17,Si C  L,Almora,6
81,5.56,0.09,15.65,175.62,28.17,424.6,7.58,2684,1608,1.8,0.78,23.4,10.18,0.32,0.22,Si C  L,Almora,6
82,7.74,0.19,11.16,175.62,41.3,571.2,15.15,6244,1200,0.16,0.28,1.96,0.94,15.92,7.96,Si C L,Almora,6
83,6.81,0.18,12.17,263.42,30.3,324.8,18.94,1564,1848,0.16,0.06,3.88,1.31,30.91,54.13,Si C L,Almora,6
84,7.1,0.06,11.45,137.98,15.89,520.8,30.3,1884,2640,0.32,0.11,2.99,1.04,15.9,19.67,Sa L,Almora,6
85,6.65,0.06,14.78,125.44,41.3,453.6,30.3,2044,792,0.32,0.17,9.56,0.76,26.34,35.37,Sa L,Almora,6
86,7.26,0.12,12.9,175.62,30.6,403.2,7.58,1644,1656,0.32,0.09,8.34,0.7,10.19,9.4,Sa L,Almora,6
87,6.31,0.07,13.19,263.42,15.89,380.8,18.94,1404,1176,0.16,0.04,5.05,0.92,38.83,56.37,Si C L,Almora,6
88,6.82,0.1,22.9,301.06,36.7,548.8,26.52,1684,600,0.32,0.13,7.9,1.13,40.09,35.67,Si C L,Almora,5
89,7.62,0.07,21.88,250.88,22.24,515.2,15.15,1644,888,0.32,0.09,2.14,1.38,14.11,18.61,Si C L,Almora,6
90,7.31,0.18,14.2,188.16,31.77,453.6,18.94,3244,1272,0.32,0.22,10.57,1.32,9.65,6.82,Si C L,Almora,6
91,6.7,0.2,22.17,175.62,38.13,380.8,7.58,3404,1104,0.16,0.06,14.31,0.75,8.29,7.24,Si C L,Almora,6
92,6.9,0.21,11.01,163.07,29.9,436.8,7.58,2724,2424,0.97,0.15,12.4,0.64,2.94,3.99,Si C L,Almora,6
93,7.82,0.13,23.33,301.06,37.7,296.8,15.15,2044,792,0.32,0.04,9.02,0.3,17.24,3.56,Si C L,Almora,5
94,7.31,0.1,17.54,250.88,28.6,425.6,26.52,1244,1056,0.32,0.21,6.35,2.03,17.02,19.9,Sa L,Almora,6
95,7.31,0.21,20.29,163.07,30.9,548.8,26.52,2284,2400,0.16,0.11,3.88,1.24,21.8,29.94,Sa L,Almora,6
96,6.81,0.17,15.94,301.06,27.1,380.8,18.94,1084,1368,0.32,0.04,8.16,0.94,19.22,16.5,Sa C L,Almora,5
97,7.04,0.1,17.68,175.62,41.3,537.6,15.15,3564,1632,0.48,0.09,10.62,0.82,26.38,41.68,Sa C L,Almora,6
98,6.11,0.05,15.51,275.97,31.77,504,7.58,2244,384,0.16,0.17,10.86,1.29,24.88,40.83,Sa C L,Almora,6
99,6.74,0.07,14.35,150.53,25.42,358.4,15.15,1884,1512,0.32,0.15,9.65,0.78,31.12,41.45,Si C L,Almora,6
100,6.74,0.12,25.22,163.07,38.13,296.8,30.3,1644,1200,0.16,0.06,2.63,0.94,41.52,56.92,Si C L,Almora,6
101,6.62,0.25,20,188.16,44.48,459.2,18.94,3404,600,0.32,0.22,6.76,1.04,16.82,13.09,Si C L,Almora,6
102,7.01,0.11,13.04,125.44,28.6,425.6,26.52,1644,624,0.32,0.28,3.48,0.68,21.23,30.79,Si C L,Almora,6
103,7.73,0.07,23.62,213.25,13.66,448,15.15,2044,792,0.97,0.04,3.07,0.86,6.92,15.44,Si C L,Almora,6
104,6.53,0.09,12.32,125.44,25.42,515.2,18.94,1884,1176,0.16,0.11,2.94,1,8.5,38.73,L Sa,Almora,6
105,6.91,0.11,23.48,188.16,38.13,313.6,7.58,1764,960,0.16,0.22,4.02,1,36.59,43.16,L Sa,Almora,6
106,6.83,0.2,13.62,175.62,6.35,425.6,15.15,1564,864,0.65,0.02,1.54,1.1,20.35,22.89,L Sa,Almora,6
107,6.75,0.08,14.78,150.53,44.48,369.6,11.36,1644,1032,0.32,0.02,11.26,0.72,28.13,30.85,L Sa,Almora,6
108,7.2,0.22,17.39,163.07,36.4,537.6,18.94,1684,720,0.32,0.11,3.92,0.71,19.4,30.22,L Sa,Almora,6
109,7.03,0.08,17.68,125.44,45.8,392,26.52,2444,1752,0.32,0.17,2.52,0.61,32.31,44.48,L Sa,Almora,6
110,7.11,0.08,15.36,213.25,25.42,312.5,18.94,3844,672,0.32,0.15,3.41,0.9,12.53,23.06,L Sa,Almora,6
111,7.43,0.13,8.05,150.5,37.3,365.1,7.58,1484,720,0.95,0.57,4.01,8.52,0.99,0.09,Sa C L,Almora,6
112,6,0.09,9.07,163.1,25.8,291.2,15.15,1324,744,0.89,0.78,9.6,11.76,0.33,0.11,Sa L,Almora,6
113,6.05,0.17,11.56,250.9,14.22,302.4,15.15,1804,456,1.69,0.91,9.01,22.43,0.33,0.15,Sa L,Almora,6
114,6.14,0.21,8.05,188.2,11.85,311.4,15.15,1244,384,2.82,0.86,20.56,17.44,0.16,0.04,Sa L,Almora,6
115,6.04,0.13,10.68,175.6,10.74,413.3,15.15,1564,528,1.8,1.09,8.7,14.89,0.16,0.17,Sa L,Almora,6
116,6.24,0.14,12.73,112.9,32.5,373,7.58,1644,600,1.57,0.64,18.98,26.03,0.33,0.04,Sa L,Almora,6
117,6.25,0.1,7.46,138,33.3,292.3,7.58,1244,1200,1.8,0.63,8.66,12.26,0.33,0.06,Sa L,Almora,6
118,6.18,0.1,5.71,250.9,45.8,268.8,11.36,1884,744,2.78,0.56,8.58,11.85,0.33,0.04,Sa L,Almora,6
119,6.71,0.24,12.44,188.2,12.74,403.2,11.36,2444,1200,2,0.62,8.91,21.33,0.16,0.08,Sa L,Almora,6
120,6.27,0.1,9.51,163.1,35.1,470.4,15.15,2044,1056,1.21,0.55,10.61,17.1,0.33,0.09,Sa C L,Almora,6
121,6.01,0.13,7.61,351.2,36.8,292.3,18.94,1604,120,1.33,0.83,14.86,22.12,0.33,0.05,Sa C L,Almora,5
122,6.91,0.33,7.17,150.5,37.8,300.2,15.15,1244,1200,1.35,1.26,7.61,6.93,0.33,0.09,Si C L,Almora,6
123,6.37,0.14,7.61,150.5,28.9,297.9,18.94,1644,480,2.83,0.18,9.64,12.8,0.16,0.05,Si C L,Almora,6
124,6.04,0.19,9.51,238.3,38.6,334.9,7.58,844,624,1.76,0.88,8.92,11.65,0.99,0.08,Si C L,Almora,6
125,5.12,0.13,9.8,250.9,41.48,327,7.58,1084,408,0.96,0.61,15.06,17.75,0.33,0.11,Si C L,Almora,6
126,5.83,0.17,10.98,188.2,45.5,347.2,15.15,1244,864,0.75,0.56,11.69,21.33,0.33,0.22,Si C L,Almora,6
127,6.15,0.15,6.44,225.8,25.3,358.4,15.15,1884,816,1.04,0.62,12.47,20.14,0.16,0.08,Si C L,Almora,6
128,6.89,0.18,10.68,163.1,25.8,302.4,15.15,2444,576,1.45,0.34,7.06,14.31,0.33,0.14,Si C L,Almora,6
129,5.92,0.24,13.61,112.9,35.56,313.6,7.58,3644,1032,3.09,0.56,19.56,15.56,0.49,0.06,L Sa,Almora,6
130,6.85,0.09,10.68,200.7,35.7,369.6,18.94,1884,480,2.99,0.65,42.14,8.09,0.16,0.09,L Sa,Almora,6
131,6.35,0.07,20.93,313.6,27.7,324.8,30.3,1484,1416,1.83,0.84,89.75,16.81,0.33,0.03,Si C L,Almora,5
132,6.12,0.06,16.98,188.2,33.9,347.2,18.94,1644,960,1.09,1.15,73.61,8.13,0.16,0.09,Si C L,Almora,6
133,6.8,0.08,12.73,125.4,12.74,313.6,15.15,2244,1800,0.77,1.12,36.48,12.65,0.33,0.08,Si C L,Almora,6
134,6.1,0.09,11.56,150.5,45.3,470.4,15.15,1964,768,1.31,0.87,29.15,15.85,0.33,0.13,Sa L,Almora,6
135,5.55,0.14,11.27,288.5,23.7,403.2,15.15,3404,1176,1.73,0.63,32.61,14.51,0.99,0.02,Sa L,Almora,3
136,6.65,0.1,18.59,250.9,35.9,268.8,7.58,2044,1056,1.85,0.84,23.88,15.06,0.16,0.25,Si C L,Almora,6
137,6.25,0.05,12.44,301.1,32.59,324.8,15.15,2364,480,4.02,0.57,44.43,14.95,0.16,0.17,Si C L,Almora,5
138,6.01,0.11,10.68,263.4,23.7,324.8,30.3,1564,864,2.15,0.86,59.99,16.04,0.66,0.03,Si C L,Almora,6
139,6.91,0.08,20.49,288.5,29.63,324.8,7.58,1484,1368,1.1,0.87,38.83,24.71,0.33,0.14,Sa C L,Almora,5
140,6.73,0.05,14.63,125.4,20.74,313.6,11.36,1364,984,1.1,0.48,28.77,15.05,0.33,0.09,Sa C L,Almora,6
141,7.12,0.14,16.98,163.1,28.9,324.8,15.15,2244,1368,1.59,0.58,14.63,19.87,0.33,0.05,Sa C L,Almora,6
142,6.62,0.11,18.29,363.8,12.74,296.8,30.3,1604,984,2.46,0.6,44.37,10.1,0.33,0.09,Sa C L,Almora,3
143,6.92,0.19,12,188.2,35.1,380.8,26.52,1244,1056,1.33,1.06,42.05,2.92,0.49,0.08,Sa C L,Almora,6
144,5.51,0.24,15.66,263.4,31.6,481.6,7.58,1084,960,3.19,0.84,50.24,2.74,0.16,0.14,L Sa,Almora,6
145,5.4,0.04,19.02,125.4,35.56,358.4,22.73,1244,960,1.21,0.94,79.32,16,0.16,0.13,L Sa,Almora,6
146,5.71,0.18,9.22,213.2,23.7,532,18.94,2964,264,3.54,1.38,44.52,6.19,0.16,0.13,L Sa,Almora,6
147,6.85,0.17,10.98,150.5,45.3,515.2,15.15,1164,696,2.7,0.94,24.75,1.24,0.33,0.11,Sa L,Almora,6
148,8.1,0.21,23.56,125.4,41.48,537.6,15.15,964,1080,3.46,0.74,42.01,7.92,0.33,0.03,Sa L,Almora,6
149,8.36,0.19,13.46,163.1,25.9,324.8,7.58,2684,1056,1.83,1.87,32.71,19.26,0.33,0.05,Sa L,Almora,6
150,6.61,0.16,15.07,175.6,27.7,347.2,11.36,3644,1752,3.13,1.55,65.62,4.5,0.33,0.14,Sa L,Almora,6
151,7.52,0.09,27.07,301.1,35.8,291.2,18.94,1244,864,1.48,1.74,25.14,11.18,0.16,0.02,Si C L,Almora,5
152,5.69,0.15,17.12,163.1,32.59,380.8,15.15,1764,648,1.06,1.75,54.37,7.9,0.33,0.03,L Sa,Almora,6
153,6.12,0.17,17.41,138,12.74,515.2,15.15,1084,960,1.95,1.65,5.71,5.92,0.37,0.19,Si C L,Almora,6
154,6.7,0.09,12.44,213.2,35.56,380.8,15.15,2244,864,1.35,0.69,43.78,43.56,0.37,0.03,Si C L,Almora,6
155,7.3,0.18,10.1,175.6,23.7,515.2,15.15,1364,792,1.2,1.05,23.75,12.72,0.37,0.28,Si C L,Almora,6
156,6.42,0.1,12.59,213.2,26.67,313.6,15.15,2764,480,1.54,0.42,38.01,40.97,0.37,0.02,Si C L,Almora,6
157,6.48,0.11,10.68,188.2,29.63,324.8,7.58,2564,960,1.71,1.17,29.06,4.63,0.18,0.05,Si C L,Almora,6
158,6.5,0.12,7.02,150.5,33.8,313.6,7.58,1764,792,2.3,0.78,10.44,11.99,0.55,0.05,Si C L,Almora,6
159,8.51,0.25,12.73,250.9,26.67,392,11.36,1004,1584,3.15,0.71,18.71,27.24,0.37,0.02,Si C L,Almora,6
160,5.07,0.08,6.15,125.4,28.1,313.6,11.36,1324,744,1.51,0.65,79.74,6.59,0.92,0.05,L Sa,Almora,6
161,7.79,0.11,9.66,363.8,31.2,392,7.58,2124,1704,9.42,1.36,6.77,9.77,0.37,0.03,L Sa,Almora,5
162,6.82,0.151,13.9,188.2,28.17,313.6,15.15,1244,1824,12.16,0.61,3.39,4.08,0.18,0.09,L Sa,Almora,6
163,5.36,0.124,18,163.1,16.57,324.8,18.94,1884,696,2.75,0.44,4.46,2.4,0.55,0.08,L Sa,Almora,6
164,6.42,0.194,13.2,250.9,36.45,349.4,7.58,2324,504,1.17,0.59,3.8,25.54,0.18,0.11,Si C L,Almora,6
165,5.78,0.103,13.9,138,24.9,201.6,15.15,1244,1032,2.71,0.53,4.99,32.1,0.37,0.08,L Sa,Almora,6
166,5.08,0.181,12,188.2,19.88,470.4,15.15,2244,1080,3.85,0.33,3.06,11.32,0.55,0.03,Sa C L,Almora,6
167,5.15,0.081,12.9,263.4,23.2,408.8,22.73,1404,1056,1.82,0.47,15.7,49.09,1.11,0.05,Sa C L,Almora,6
168,4.94,0.072,13,276,28.17,185.9,30.3,1684,1056,4.74,0.64,8.14,37.17,0.92,0.03,Sa L,Almora,6
169,5.62,0.164,13.2,188.2,34.6,470.4,18.94,1484,984,1.62,0.62,6.19,24.04,0.55,0.03,Si C L,Almora,6
170,5.26,0.09,15.1,112.9,43.08,515.2,7.58,1644,840,3.19,0.78,5.06,20.37,0.74,0.05,Si C L,Almora,6
171,5.21,0.176,14.8,125.4,29.7,310.2,15.15,1444,1176,1.94,0.37,9.11,48.31,1.11,0.02,Si C L,Almora,6
172,4.93,0.138,15.7,163.1,10.76,257.6,34.09,2044,1440,3.38,0.47,10.92,40.08,0.37,0.03,Sa L,Almora,6
173,6.42,0.218,14,188.2,36.45,440.2,15.15,1884,1920,2.71,0.38,4.3,24.91,0.37,0.06,Sa L,Almora,6
174,5.48,0.143,9.2,250.9,29.4,269.9,18.94,2204,1248,19.25,0.52,4.97,25.71,0.18,0.03,Sa L,Almora,6
175,5.75,0.166,7.3,213.2,36.45,257.6,11.36,2004,648,5.42,0.35,4.12,11.97,0.18,0.03,Sa C L,Almora,6
176,7.26,0.121,16.5,250.9,33.14,253.1,34.09,1684,1560,14.49,0.6,2.54,4.92,0.37,0.08,Sa C L,Almora,6
177,6.44,0.228,23,313.6,31.4,358.4,34.09,1884,888,16.18,0.66,5.62,1.74,0.37,0.06,Si C L,Almora,5
178,4.85,0.18,13.6,188.2,36.45,390.9,15.15,2684,840,2.86,1.5,6.65,38.48,0.37,0.02,Si C L,Almora,6
179,5.82,0.124,9.1,150.5,6.63,369.6,7.58,1644,1080,18.71,1.1,6.24,34.39,0.18,0.05,Si C L,Almora,6
180,5.32,0.108,14.3,200.7,19.88,179.2,15.15,2164,480,3.8,0.53,10.27,9.27,0.37,0.05,Sa L,Almora,6
181,5.2,0.069,12.7,188.2,23.2,257.6,15.15,2164,984,1.57,0.65,18.72,53.98,0.37,0.05,Si C L,Almora,6
182,5.11,0.055,15.4,163.1,19.88,319.2,15.15,2244,456,3.68,0.77,9.73,36.95,0.37,0.03,L Sa,Almora,6
183,6.62,0.217,9.5,288.5,26.51,151.2,15.15,1644,984,9,0.52,5.55,20.09,0.18,0.06,L Sa,Almora,5
184,5.1,0.103,12.1,250.9,28.17,146.7,7.58,1764,936,4.48,0.84,10.45,48.7,1.11,0.05,Sa C L,Almora,6
185,5.27,0.077,10.7,150.5,29.7,138.9,15.15,1884,1296,3.42,2.73,8.96,42.32,0.37,0.06,Sa C L,Almora,6
186,5.49,0.09,10.2,175.6,36.45,341.6,18.94,2284,1368,7.91,0.82,7.18,32.95,0.37,0.05,Sa C L,Almora,6
187,4.61,0.103,14.6,188.2,41.42,351.7,30.3,2684,288,2.14,0.75,6.94,30.29,0.18,0.05,Sa L,Almora,6
188,5.25,0.086,10.5,163.1,43.7,170.2,7.58,2244,1080,2.51,0.94,7.27,22.37,0.37,0.03,Sa C L,Almora,6
189,5.62,0.11,8.5,250.9,33.14,171.4,11.36,1164,912,9.48,0.64,9.12,35.61,0.55,0.03,Sa C L,Almora,6
190,5.3,0.078,16.1,200.7,24.85,185.9,18.94,1884,1152,2.21,0.94,12.44,52.94,0.18,0.03,Sa C L,Almora,6
191,5.31,0.087,11,213.2,28.17,215,11.36,2484,1176,2.79,1.04,8.76,36.28,0.37,0.06,Si C L,Almora,6
192,6.49,0.059,9.5,250.9,27.4,313.6,16.13,1364,504,12.07,0.73,5,20.37,0.18,0.02,L Sa,Almora,6
193,6.02,0.449,17.45,188.2,45.6,425.6,8.06,3844,624,5.99,0.95,32.24,13.32,0.37,0.09,Si C L,Almora,6
194,7.03,0.353,18.03,313.6,36.45,452.5,32.26,4284,1152,3.48,1.15,24.71,5.05,0.37,0.03,Si C L,Almora,5
195,5.99,0.155,17.74,188.2,13.25,504,16.13,3844,912,8.43,0.83,29.16,9.25,1.11,0.02,Si C L,Almora,6
196,6.12,0.167,25.67,150.5,28.17,515.2,12.1,1884,720,8.38,0.74,29.52,23.31,0.18,0.11,Si C L,Almora,6
197,5.61,0.374,12.98,163.1,21.54,313.6,8.06,3564,888,7.89,0.62,33.13,28.15,0.18,0.05,Sa L,Almora,6
198,5.65,0.167,22.07,213.2,26.51,280,12.1,2684,1056,6.26,1,25.62,9.62,0.74,0.03,Sa C L,Almora,6
199,6.14,0.415,21.63,163.1,33.14,302.4,16.13,4084,1128,6.64,0.59,21.08,9.53,0.37,0.06,Si C L,Almora,6
200,6.65,0.205,23.51,175.6,43.08,324.8,32.26,3164,672,7.84,0.85,20.77,10.4,0.37,0.11,Si C L,Almora,6
201,5.51,0.374,23.51,250.9,36.7,280,28.23,3444,504,6.94,0.85,36,18.57,0.37,0.11,Si C L,Almora,6
202,5.86,0.175,22.21,175.6,36.8,465.2,16.13,3084,456,5.03,0.73,27.11,27.35,0.37,0.05,L Sa,Almora,6
203,4.82,0.226,15.87,125.4,29.82,481.6,20.16,3364,552,2.02,0.74,25.81,14.48,0.55,0.06,Sa C L,Almora,6
204,6.96,0.292,17.16,250.9,13.25,526.4,8.06,3484,576,4.62,0.56,10.52,15.01,0.18,0.09,Sa C L,Almora,6
205,7.35,0.233,21.63,313.6,28.8,291.2,16.13,4444,1200,8.33,1,11.89,11.16,0.18,0.14,Sa C L,Almora,5
206,5.54,0.188,22.79,250.9,39.9,502.9,8.06,3164,528,0.1,1.66,11.86,15.1,0.18,0.19,Si C L,Almora,6
207,6.11,0.3,19.18,250.9,28.17,315.8,28.23,3084,936,1.86,0.45,8.76,5.46,0.37,0.08,L Sa,Almora,6
208,5.55,0.205,17.31,250.9,36.45,513,20.16,1964,672,3.37,0.33,16.44,33.7,0.32,0.13,Si C L,Almora,6
209,5.58,0.179,19.18,213.2,13.25,430.1,8.06,2324,912,1.68,0.45,19.75,35.61,0.32,0.2,Si C L,Almora,6
210,5.45,0.173,15.72,238.3,24.85,470.4,8.06,3244,480,2.13,0.46,7.32,14.87,0.32,0.11,Sa C L,Almora,6
211,5.67,0.159,16.3,188.2,16.57,461.4,16.13,3244,1272,0.34,0.3,7.64,8.95,0.32,0.36,Si C L,Almora,6
212,5.46,0.077,9.38,188.2,44.73,364,16.13,1644,768,1.77,0.32,11.8,6.43,0.16,0.19,L Sa,Almora,6
213,4.72,0.119,17.88,250.9,44.73,453.6,20.16,3084,768,0.2,0.23,17.79,25.64,0.47,0.17,Si C L,Almora,6
214,5.7,0.093,19.18,213.2,38.5,322.6,20.16,2244,1872,2.82,0.34,16.12,16.28,0.32,0.11,Si C L,Almora,6
215,5.64,0.171,13.99,200.7,38.11,502.9,16.13,1564,672,0.63,0.51,11.71,23.11,0.79,0.2,Sa C L,Almora,6
216,6.4,0.533,21.45,301.1,45.2,459.2,36.29,1884,672,1.66,0.85,5.3,6.41,0.16,0.17,Sa C L,Almora,5
217,4.62,0.077,8.1,175.6,35.8,425.6,16.13,1644,624,4.75,1.21,10.66,12.91,0.47,0.2,Sa C L,Almora,6
218,5.86,0.247,21.75,250.9,36.7,537.6,8.06,1484,480,0.62,1.65,8.97,5.46,0.16,0.08,Sa C L,Almora,6
219,4.47,0.106,8.25,163.1,28.17,291.2,16.13,1364,768,0.43,0.81,6.15,8.88,0.32,0.17,Sa C L,Almora,6
220,6.5,0.027,7.5,125.4,16.57,380.8,20.16,1244,120,1.1,0.39,12.82,23.77,0.47,0.09,Sa C L,Almora,6
221,4.25,0.136,14.7,213.2,19.88,537.6,8.06,1164,120,0.85,0.35,23.51,21.96,0.95,0.2,L Sa,Almora,6
222,4.67,0.059,10.5,163.1,28.17,543.2,16.13,1484,888,0.83,0.69,16.35,19.47,0.79,0.19,Sa C L,Almora,6
223,4.39,0.051,12.45,188.2,21.54,268.8,28.23,1364,552,0.82,0.41,17.31,21.74,0.47,0.27,Sa C L,Almora,6
224,4.48,0.04,12.45,138,21.54,358.4,32.26,1164,912,1.24,0.45,26.72,35.56,0.63,0.08,Sa C L,Almora,6
225,4.32,0.046,16.95,301.1,33.14,313.6,24.19,1444,336,1.46,0.56,27.5,38.21,0.95,0.09,Si C L,Almora,5
226,4.54,0.213,12,250.9,28.17,347.2,16.13,3644,1032,1.36,0.44,9.68,36.65,0.32,0.13,Si C L,Almora,6
227,5.32,0.218,13.5,200.7,43.08,313.6,20.16,2444,168,0.7,0.39,10,39.39,0.32,0.22,Si C L,Almora,6
228,5.19,0.136,13.65,238.3,13.25,448,20.16,2684,1368,1.1,0.3,8.75,28.34,0.16,0.31,Si C L,Almora,6
229,5.14,0.072,14.55,263.4,19.88,504,16.13,2644,1128,0.69,0.39,9.62,17.91,0.16,0.09,Sa C L,Almora,6
230,4.41,0.081,9.75,200.7,28.17,352.8,8.06,2444,384,0.76,0.62,10.79,26.56,0.32,0.2,Sa C L,Almora,6
231,4.76,0.065,12.15,213.2,19.88,537.6,8.06,2124,384,0.83,0.48,8.96,34.35,0.32,0.05,L Sa,Almora,6
232,4.75,0.067,14.85,250.9,28.17,347.2,12.1,1244,624,0.96,0.5,7.16,34.66,0.32,0.13,Si C L,Almora,6
233,7.8,0.103,11.7,188.2,46.39,392,16.13,1164,192,0.94,0.44,8.61,23.56,0.16,0.03,Si C L,Almora,6
234,4.46,0.082,13.2,175.6,16.57,414.4,20.16,1484,480,0.78,0.45,13.14,33.42,0.32,0.09,Sa C L,Almora,6
235,4.84,0.057,11.4,213.2,28.17,537.6,16.13,2284,1296,0.56,0.44,9.7,28.52,0.32,0.22,Sa C L,Almora,6
236,4.72,0.077,10.5,150.5,31.4,380.8,16.13,2324,1176,0.51,0.38,6.92,16.67,0.32,0.06,Sa C L,Almora,6
237,4.48,0.09,7.95,188.2,21.54,470.4,32.26,3044,144,0.84,0.29,6.04,20.84,0.16,0.36,Si C L,Almora,6
238,5.02,0.117,12.7,207,22.51,347.2,18.51,1899,629,1.08,0.57,12.03,24.33,0.39,0.16,Si C L,Almora,6
239,5.56,0.132,7.54,188.2,23.7,338.7,16.13,1084,648,0.92,0.22,23.42,6.68,0.95,0.25,L Sa,Almora,6
240,6.8,0.069,7.1,263.4,29.63,119.8,8.06,2204,1896,0.8,0.51,8.18,6.3,0.32,0.11,Sa C L,Almora,6
241,6.51,0.097,10.14,188.2,8.89,137.8,20.16,2284,1488,1.61,0.45,8.87,8.84,0.32,0.03,Sa C L,Almora,6
242,6,0.121,8.12,163.1,39.2,392,12.1,1244,864,0.7,0.61,27.65,27.46,0.16,0.03,Si C L,Almora,6
243,6.13,0.057,9.42,225.8,38.6,347.2,32.26,844,624,1.48,0.75,11.66,15.53,0.32,0.13,Sa C L,Almora,6
244,5.91,0.111,7.68,313.6,20.74,281.1,8.06,2084,1320,3.55,0.6,11.76,8.8,0.47,0.36,Sa C L,Almora,3
245,6.06,0.064,5.07,175.6,29.63,385.5,16.13,2084,1128,1.99,0.46,29.38,10.46,0.16,0.2,Si C L,Almora,6
246,6.38,0.117,14.35,150.5,23.7,246.4,8.06,2244,1200,1.67,0.77,28.36,2.7,0.32,0.05,Si C L,Almora,6
247,6.04,0.086,7.25,225.8,39.2,347.2,8.06,1244,864,1.07,1.02,20.27,7.84,0.16,0.11,Sa C L,Almora,6
248,5.97,0.108,10,188.2,32.59,414.4,20.16,1964,1008,7.77,0.68,15.67,13.07,0.32,0.03,Si C L,Almora,6
249,5.31,0.106,8.84,288.5,8.89,358.4,32.26,1644,336,1.44,0.46,29.3,8.53,0.32,0.08,Si C L,Almora,3
250,6.34,0.137,8.55,138,20.74,283.4,28.23,1844,504,2.13,1.3,14.69,7.86,0.95,0.09,Sa L,Almora,6
251,6.32,0.091,7.25,125.4,22.51,364,20.16,1164,384,11.93,0.61,12.23,7.32,0.16,0.22,Sa C L,Almora,6
252,7.22,0.192,22.03,238.3,28.9,397.6,24.19,3444,1152,15.65,0.43,12.9,10.52,0.16,0.08,Sa L,Almora,6
253,6.53,0.176,8.7,200.7,23.7,305.8,16.13,3244,1104,4.84,1.04,7.07,6.78,0.63,0.25,Sa C L,Almora,6
254,7.46,0.123,10.72,200.7,38.52,369.6,20.16,3044,816,10.99,0.75,4.65,5.74,0.32,0.09,Sa C L,Almora,6
255,7.22,0.168,20.87,301.1,45.9,459.2,28.23,2244,1224,4.29,1.79,13.38,5.4,0.32,0.27,Sa C L,Almora,5
256,5.87,0.132,15.8,250.9,32.59,348.3,12.1,1084,624,1.21,2.99,23.49,18.81,0.32,0.2,L Sa,Almora,6
257,5.88,0.083,7.83,150.5,38.52,318.1,8.06,1364,792,2.84,1.22,13.27,17.43,0.32,0.05,Si C L,Almora,6
258,6.07,0.115,11.16,200.7,11.25,300.2,16.13,2724,936,7.77,0.68,15.67,13.07,0.47,0.09,Si C L,Almora,6
259,7.54,0.17,17.83,276,23.7,285.6,20.16,2244,960,8.98,0.6,6.56,8.39,0.16,0.22,Si C L,Almora,6
260,5.07,0.24,26.52,313.6,36.1,445.8,28.23,4164,936,7.56,1.26,17.65,5.05,0.16,0.09,Si C L,Almora,5
261,8.11,0.026,19.42,288.5,25.1,420,16.13,1644,384,10.89,1.06,16.58,7.98,0.16,0.14,Sa L,Almora,5
262,7.11,0.245,26.09,288.5,44.44,380.8,32.26,3444,600,12.87,0.72,12.35,6.13,0.32,0.36,Si C L,Almora,5
263,7.02,0.179,12.9,163.1,44.44,468.2,20.16,4444,552,17.35,1.23,23.65,9.53,0.32,0.06,Si C L,Almora,6
264,7.37,0.465,5.8,156.8,60,232.4,2500,420,12.8,10.7,1.4,5.33,4.79,1.1,0.11,s l,Almora,6
265,7.38,0.276,5.02,134.4,61.6,158.2,1800,450,9.5,10.6,1.5,7.42,14.48,2,0.14,s c l,Almora,6
266,7.58,0.223,8.11,173.6,64.8,207.7,2350,270,11.5,7.7,1.26,4.36,6.82,2.4,0.15,s c l,Almora,6
267,8.06,0.304,6.57,156.8,66.4,296.7,2550,60,8.1,5.2,1.57,3.93,11.03,1.2,0.21,s c l,Almora,6
268,7.23,0.262,9.47,212.8,40.8,237.4,1300,630,8.8,4.3,1.2,7.55,8.18,1.4,0.15,s c l,Almora,6
269,5.85,0.156,8.89,201.6,40.8,123.6,900,300,11.5,2.2,0.48,15.83,15.59,0.8,0.19,c l,Almora,6
270,5.78,0.136,8.89,179.2,55.1,59.3,800,1560,12.8,4.6,0.35,21.61,16.44,0.7,0.13,s c l,Almora,7
271,6.09,0.13,7.92,190.4,45.6,84.1,950,870,10.8,3.3,0.53,18.48,22.1,0.4,0.13,s l,Almora,7
272,6.56,0.226,8.11,179.2,71.2,138.5,1300,360,10.8,2.6,0.45,11.7,9.09,0.5,0.11,s c l,Almora,6
273,7.64,0.552,5.99,156.8,74.4,242.3,2500,1170,20.3,8.7,0.75,7.43,14.43,2.8,0.12,s l,Almora,6
274,7.48,0.262,4.64,173.6,74.4,247.3,2550,210,14.9,14.7,1.73,6.88,7.04,1.1,0.14,s l,Almora,6
275,6.75,0.228,8.31,179.2,64,163.2,1350,510,8.1,6.5,1.49,11.42,12.82,1,0.11,s c l,Almora,6
276,7.35,0.386,7.15,177.6,69.6,231.3,2500,180,27,5.9,0.93,5.9,5.75,0.9,0.23,s c l,Almora,6
277,7.6,0.248,9.27,202.4,54.4,207.7,1400,300,30.4,4,1.03,6.33,9.48,0.6,0.18,s l,Almora,6
278,7.82,0.402,8.5,178,63.2,192.9,2650,1140,21.6,9,2.36,6.6,5.69,1.4,0.12,s l,Almora,6
279,8.02,0.476,8.31,173.6,72,192.9,3100,780,22.3,12.1,1.12,10.98,23.38,1.8,0.1,s l,Almora,6
280,7.2,0.298,6.95,156.8,68.8,216.7,1950,1470,29.7,16.3,2.99,26.79,10.23,1.6,0.14,s c l,Almora,6
281,7.42,0.29,9.47,208,58.4,231.9,1200,870,22.3,9.6,1.41,11.04,19.15,0.7,0.13,s c l,Almora,6
282,7.7,0.273,6.37,156.4,13.6,227.5,1250,150,30.4,7.7,0.54,6.69,5.01,1.4,0.16,s c l,Almora,6
283,7.36,0.518,7.53,183.6,28.8,215.6,2650,510,26.3,9.7,1.69,13.35,5.56,3,0.11,s c l,Almora,6
284,6.64,0.138,8.5,196.8,20.8,98.9,2000,510,19.6,5.9,1,16.77,10.2,1,0.12,s c l,Almora,7
285,6.88,0.328,9.47,213.6,24,158.2,1700,330,33.1,2.7,0.58,13.93,32.79,1,0.13,c l,Almora,6
286,7.32,0.574,8.11,179.2,63.2,227.5,1600,780,22.3,3.5,0.62,7.7,21.77,3,0.11,s c l,Almora,6
287,6.06,0.214,8.31,192.4,34.2,148.4,1300,330,28.4,2.6,0.91,25.86,54.26,1.2,0.15,c l,Almora,6
288,6.68,0.196,9.47,213.6,56.8,133.5,1550,330,45.2,2,0.74,12.98,31.53,0.7,0.18,l,Almora,6
289,6.65,0.285,8.89,196,24,128.6,1850,120,19.6,2.9,0.87,16.83,24.39,1,0.09,s c l,Almora,6
290,6.01,0.106,9.31,212.8,22.8,138.5,1550,360,20.3,1.1,0.38,14.92,11.53,0.9,0.12,s l,Almora,6
291,5.47,0.131,6.95,179.2,48.4,123.6,1050,150,25.7,1.1,0.63,20.02,26.8,0.8,0.12,c l,Tehri,6
292,5.5,0.099,6.44,170.8,16.1,89,1100,330,16.2,0.9,0.4,19.77,24.41,0.7,0.07,s c l,Tehri,7
293,5.82,0.134,6.37,173.6,33.2,128.6,1200,720,29.7,1.6,0.55,16.96,8.59,0.8,0.11,c l,Tehri,6
294,6.49,0.223,4.64,123.2,16,192.9,2200,630,16.2,3.7,0.65,17.64,56.55,1.1,0.08,s l,Tehri,6
295,7.03,0.338,6.44,173.8,63.2,230.4,3400,480,17.6,7,0.93,9.31,27.99,1.4,0.12,s l,Tehri,6
296,7.22,0.382,5.6,147.6,13.6,143.4,2550,330,8.1,2.6,0.67,16.58,49.88,0.7,0.13,s c l,Tehri,6
297,7.18,0.392,5.99,153.2,64,220.7,2650,630,10.8,5.1,0.6,13.09,39.46,2,0.12,s c l,Tehri,6
298,7.71,0.273,9.27,206.8,28.8,133.5,2250,420,12.2,5.5,0.72,11.32,27.96,0.8,0.11,s l,Tehri,6
299,7.2,0.362,5.8,151.2,56.8,215.4,2350,480,9.5,2.2,0.52,12.94,29.82,0.7,0.13,s l,Tehri,6
300,5.91,0.186,7.15,176.4,35.1,54.4,1550,480,10.1,2.2,0.96,28.83,57.26,0.7,0.11,s l,Tehri,7
301,6.08,0.224,5.22,153.2,24.7,118.7,1650,660,8.1,2.6,1.05,29.32,55.85,0.9,0.1,s c l,Tehri,6
302,6.02,0.228,6.28,173.2,38.9,113.7,2150,540,12.8,4.1,0.92,26.13,47.47,1.1,0.11,s c l,Tehri,7
303,7.22,0.546,5.6,156.4,20.8,54.4,2550,810,10.1,2.8,1.02,6.87,7.82,1,0.1,s c l,Tehri,7
304,4.82,0.198,8.5,192.4,55.1,108.8,1500,390,12.2,0.2,0.26,10.36,11.26,0.3,0.09,c l,Tehri,7
305,5.6,0.112,7.15,180.4,60.8,49.5,3400,630,9.5,0.8,0.37,16.39,5.22,0.9,0.13,c l,Tehri,7
306,5.07,0.142,6.57,171.2,68.4,54.4,2300,480,12.8,4,0.38,12.27,6.13,0.5,0.08,c l,Tehri,7
307,4.9,0.243,9.47,209.2,42.7,74.2,1850,720,12.2,0.6,0.35,20.01,16.11,0.8,0.09,c l,Tehri,7
308,4.55,0.238,8.89,194.8,47.5,89,2050,690,10.8,0.4,0.42,23.52,37.31,0.6,0.08,s c l,Tehri,7
309,7.59,0.281,3.09,123.2,12.8,168.1,1500,780,9.5,1.2,0.33,4.63,11.33,0.6,0.07,s c l,Tehri,6
310,7.74,0.383,9.27,212.8,12,196.3,2950,780,13.5,1.6,0.37,5.56,15.67,1,0.11,s c l,Tehri,6
311,7.01,0.234,8.89,190,68,84.1,1050,390,13.5,1.4,0.61,9.48,24.3,0.8,0.13,s c l,Tehri,7
312,7.56,0.376,9.08,193.6,48.8,206.7,2000,660,8.1,1.2,0.65,5.76,16.96,0.9,0.14,s c l,Tehri,6
313,6.72,0.232,6.28,168.2,56.8,103.8,2950,870,10.8,0.9,0.67,11.3,32.23,0.9,0.11,s c l,Tehri,7
314,7.31,0.323,8.69,189.4,72,153.3,2250,570,8.1,1.3,0.41,6.17,16.34,1.1,0.08,s c l,Tehri,6
315,7.73,0.404,8.15,190.4,71.2,54.4,1650,690,12.8,1.9,0.82,6.04,26.75,0.6,0.13,s c l,Tehri,7
316,6.54,0.267,9.47,206.8,71.2,181.3,2950,630,8.8,0.5,0.78,9.1,14.9,0.9,0.11,s c l,Tehri,6
317,6.42,0.165,6.67,167.6,22.4,79.1,1550,750,10.8,0.3,0.9,12.55,16.27,0.8,0.13,s c l,Tehri,7
318,6.81,0.185,9.08,190.4,26.4,59.3,2250,960,10.8,0.9,0.68,6.72,11.11,0.9,0.11,s c l,Tehri,7
319,6.61,0.164,5.8,153.2,16.8,74.2,1800,780,8.1,0.5,0.46,6.2,11.66,1.5,0.24,s c l,Tehri,7
320,5.21,0.445,7.34,178.2,61.7,153.3,2000,840,7.4,1.7,0.69,37.48,61.37,1.3,0.29,s c l,Tehri,6
321,7.2,0.431,7.73,180.4,55.2,173.1,3450,750,8.1,5.8,0.63,6.62,7.35,0.6,0.11,s l,Tehri,6
322,5.91,0.436,9.31,207.2,65.5,64.3,1250,690,9.5,2.3,1.42,19.36,4.38,0.6,0.27,s c l,Tehri,7
323,6.32,0.224,8.15,196,67.2,84.1,2850,960,9.5,2.4,0.94,14.84,17.07,0.9,0.11,s c l,Tehri,7
324,6.5,0.202,8.11,192.4,64,103.8,1250,390,12.2,0.9,0.65,10.51,13.35,0.8,0.24,s c l,Tehri,7
325,5.83,0.211,7.83,180.4,84.5,168.1,1150,390,10.1,0.5,0.63,19.61,8.06,0.7,0.08,s c l,Tehri,6
326,6.88,0.239,5.8,154.4,61.6,79.1,1700,600,7.4,1.1,0.74,8.51,10.02,0.6,0.08,s c l,Tehri,7
327,6.26,0.343,7.92,189.6,48,113.7,1550,360,8.8,1.2,0.79,12.66,3.58,0.7,0.16,s c l,Tehri,7
328,6.44,0.348,6.57,172.5,64,197.8,1650,390,12.2,1.6,0.83,11.34,6.31,0.9,0.14,s c l,Tehri,6
329,6.12,0.154,6.95,178.8,40.8,148.4,1300,450,10.8,0.7,1.39,16.87,17.13,0.7,0.17,s c l,Tehri,6
330,6.23,0.616,6.44,173.5,65.6,103.8,1300,480,24.3,3,0.9,16.37,4.93,0.5,0.11,s c l,Tehri,7
331,6.17,0.384,7.73,183.2,48.4,79.1,1600,330,10.1,2.2,0.99,23.77,4.97,0.8,0.14,s c l,Tehri,7
332,6.39,0.414,8.31,195.6,64.8,128.6,550,420,20.3,1.6,0.54,11.67,5.77,0.5,0.19,s l,Tehri,6
333,6.34,0.358,9.47,209.2,52.8,158.2,1450,540,12.2,1.7,0.66,13.79,7.3,0.7,0.12,s c l,Tehri,6
334,6.86,0.504,6.37,173.2,53.6,168.1,1150,630,12.8,2.3,0.42,7.66,4.35,1.3,0.15,s c l,Tehri,6
335,7.35,0.372,7.92,182.4,47.2,197.8,350,690,14.2,2.1,0.54,4.03,4.78,0.7,0.16,s c l,Tehri,6
336,6.17,0.313,6.76,178.8,64.6,98.9,650,300,9.5,2.6,0.96,16.29,14.08,0.7,0.14,s c l,Tehri,7
337,6.64,0.204,7.15,180.2,53.6,138.5,2400,360,12.2,2.2,1.04,11.12,14.19,1.5,0.11,s c l,Tehri,6
338,6.3,0.459,6.99,173.6,51.2,168.1,1150,390,13.5,3,0.92,13.91,8.51,1,0.1,s c l,Tehri,6
339,6.02,0.61,8.89,190.4,73.1,183,200,300,25.7,3.3,1.52,16.29,5.35,1,0.14,s c l,Tehri,6
340,5.97,0.336,8.89,194.2,55.1,98.9,2600,330,16.2,2.4,0.68,12.39,9.42,0.8,0.14,s c l,Tehri,7
341,6.24,0.114,3.28,123.2,20,89,200,570,9.5,0.4,1.01,16.47,15.27,2.2,0.18,s c l,Tehri,7
342,6.73,0.75,7.92,182.4,46.4,103.8,500,540,18.9,3.7,0.54,9.26,5.23,0.6,0.15,s l,Tehri,7
343,6.37,0.221,3.28,123.2,25.6,163.2,1050,480,10.1,0.4,0.68,9.07,8.33,1,0.13,s c l,Tehri,6
344,6.77,0.224,8.31,207.2,35.2,113.7,1550,270,12.2,0.7,0.52,7.71,10.81,0.6,0.11,s c l,Tehri,7
345,5.87,0.297,7.34,178.4,79.8,69.2,650,360,6.8,0.6,0.39,14.61,8.46,0.6,0.28,s c l,Tehri,7
346,7.05,0.562,8.11,192.4,27.2,74.2,2550,420,26.3,0.4,0.33,4.07,3.31,0.4,0.09,s c l,Tehri,7
347,6.02,0.358,6.57,172.4,86.4,103.8,3550,270,9.5,0.3,0.45,11.23,4.03,0.8,0.33,s c l,Tehri,7
348,6.86,0.385,5.99,167.4,70.4,153.3,300,510,25,5.3,1.09,7.27,4.82,1.9,0.15,s l,Tehri,6
349,6.39,0.339,5.8,162,28,227.5,800,450,10.1,0.9,0.4,10.44,9.22,0.5,0.13,s c l,Tehri,6
350,6.54,0.253,8.5,179.2,32.8,148.4,250,450,16.2,2.2,0.41,9.13,14.96,0.7,0.14,s c l,Tehri,6
351,5.35,0.335,8.31,188.8,82.6,84.1,1550,510,11.5,0.5,0.64,18.06,9.24,0.8,0.19,c l,Tehri,7
352,6.71,0.485,5.8,162.4,29.6,94,2600,240,25.7,2.4,1.28,18.09,5.48,0.3,0.17,s c l,Tehri,7
353,6.62,0.336,9.66,215.2,62.4,217.6,700,60,18.9,0.8,0.56,8.01,3.24,0.6,0.31,s c l,Tehri,6
354,6.48,0.219,9.85,212.4,43.2,103.8,650,450,21.6,1.1,0.66,10.6,18.87,1.7,0.29,s c l,Tehri,7
355,7.01,0.37,7.73,183.2,29.6,49.5,1350,420,16.9,0.9,0.63,5.62,3.98,1.3,0.17,s c l,Tehri,7
356,6.76,0.452,6.64,179.2,44.8,153.3,150,330,27,2.5,0.61,10.99,3.22,1.8,0.27,s c l,Tehri,6
357,7.02,0.272,8.89,199.2,71.2,98.9,2550,270,16.2,2.3,0.62,7.16,13.68,1.9,0.35,s c l,Tehri,7
358,7.23,0.615,7.53,176.8,62.4,230.9,2150,300,28.4,3.3,0.73,3.99,4.49,2.4,0.46,s l,Tehri,6
359,7.24,0.722,6.57,168.8,68,212.1,2050,510,37.8,4.7,0.75,5.06,5.2,2.6,0.21,s c l,Tehri,6
360,6.46,0.428,7.92,182.4,27.2,103.8,1850,90,16.9,1.4,0.75,12.72,5.63,1.9,0.29,s c l,Tehri,7
361,6.42,0.234,9.11,201.6,16,79.1,2150,300,19.6,1.5,0.76,12.02,17.69,1.6,0.25,s c l,Tehri,7
362,7.07,0.658,4.64,147.6,71.2,207.7,2550,270,29.7,6.3,0.73,5.42,4.57,3.2,0.21,s l,Tehri,6
363,7.59,0.646,7.15,184.8,76.8,208.2,550,420,32.4,7.6,0.79,4.72,4.59,1.7,0.14,s l,Tehri,6
364,7.77,0.329,7.34,190.4,73.6,166.3,1650,300,26.3,3.6,0.51,4.51,10.95,2.7,0.17,s l,Tehri,6
365,7.73,0.313,8.89,198.2,65.6,153.3,650,210,29,3.3,0.71,6.72,13.25,1.6,0.11,s c l,Tehri,6
366,7.7,0.276,9.08,209.2,71.2,103.8,200,420,30.4,2.7,0.54,4.22,11.52,2.1,0.24,s c l,Tehri,7
367,7.17,0.472,7.15,177.2,70.4,128.6,1550,270,29,7.8,0.51,7.73,5.85,3.2,0.3,si c l,Tehri,6
368,6.08,0.14,9.08,207.4,76.9,69.2,1250,180,25.7,0.8,0.61,15.45,11.61,1.2,0.2,s c l,Tehri,7
369,6.84,0.462,8.5,183.6,59.2,84.1,2550,390,19.6,2.9,0.51,7.15,9.17,2.5,0.49,s l,Tehri,7
370,6.14,0.175,8.11,191.2,86.4,123.6,2050,270,23.6,0.8,0.54,14.71,14.53,1.5,0.09,s c l,Tehri,6
371,6.95,0.441,9.12,201.6,68.8,163.2,1950,180,26.3,2.1,2.75,15.5,3.7,1.7,0.17,s c l,Tehri,6
372,6.23,0.18,6.95,173.6,9.6,183,1350,90,31.7,0.9,0.55,11.82,14.55,1.6,0.32,s c l,Tehri,6
373,5.9,0.564,9.73,201.6,71.2,54.4,1500,180,29,1.2,0.89,19.3,5.33,2.6,0.26,s c l,Tehri,7
374,6.45,0.204,8.11,188,20.8,89,950,60,33.1,0.7,0.37,7.09,13.24,1.4,0.16,s c l,Tehri,7
375,5.58,0.18,8.11,194.4,86.4,49.5,2650,390,16.9,0.2,0.26,7.21,9.4,1.3,0.46,s c l,Tehri,7
376,5.99,0.134,9.27,202.4,80.75,168.1,2100,240,18.2,0.3,0.48,7.37,25.18,1.4,0.13,s c l,Tehri,6
377,5.93,0.108,9.85,226.8,65.55,212.6,1250,180,27.7,0.2,0.48,9.68,19.22,1.3,0.11,s c l,Tehri,6
378,5.93,0.168,8.89,196,56.05,232.4,1350,330,27,0.5,0.35,9.3,12.75,1.5,0.14,s c l,Tehri,6
379,6.13,0.147,5.22,145.6,71.25,153.3,1750,270,23.6,0.3,0.24,6.15,13.68,1.5,0.26,s c l,Tehri,6
380,6.22,0.227,7.92,184.8,20.8,89,1150,330,29,0.5,0.46,7.58,12.9,1.5,0.12,s l,Tehri,7
381,7.91,0.41,8.11,197.2,64,64.3,800,240,31.7,0.7,0.39,2.92,5.32,1.7,0.14,s l,Tehri,7
382,7.1,0.393,6.95,162.4,71.2,118.7,3550,270,36.5,1.2,0.66,10.06,12.81,1.9,0.17,s l,Tehri,6
383,6.41,0.222,9.27,216,35.2,103.8,750,390,19.6,1.3,0.53,11.79,23.19,1.4,0.36,s l,Tehri,7
384,7.74,0.247,8.89,192.8,28.8,138.5,250,300,25.7,1.4,0.53,3.63,6.05,1.4,0.3,s l,Tehri,6
385,6.73,0.169,9.08,206.8,40.8,178,2650,240,29,1.3,0.89,9.17,11.1,1.6,0.15,s l,Tehri,6
386,6.65,0.16,7.15,177.2,31.2,227.5,2200,330,33.1,1,1.03,11.38,16.93,1,0.2,s c l,Tehri,6
387,6.87,0.165,7.34,175.6,37.6,163.2,1550,390,25.7,1,0.97,7.5,12.17,1.7,0.18,s c l,Tehri,6
388,6.65,0.181,8.89,194.4,47.2,103.8,750,150,29,1.3,0.82,10.61,12.15,1.4,0.18,s l,Tehri,7
389,7.95,0.495,6.57,172.4,54.4,74.2,1150,240,19.6,0.9,0.22,1.69,2.32,1.9,0.13,si c l,Tehri,7
390,7.84,0.319,6.37,164.8,42.4,89,2750,150,14.9,2.4,2.14,17.23,3.27,2.3,0.21,c l,Tehri,7
391,7.71,0.326,8.89,196.8,56,123.6,2650,390,27,1.1,2.51,26.68,1.61,2.3,0.28,c l,Tehri,6
392,7.6,0.405,7.15,180.2,72,168.1,2050,90,21.6,1.3,1.81,17.08,0.67,2,0.26,c l,Tehri,6
393,7.81,0.29,6.95,169.2,76,138.5,1350,330,23,0.4,1.17,8.35,0.64,1.1,0.4,c l,Tehri,6
394,7.86,0.31,8.89,194.8,63.2,148.4,1750,180,27,0.8,2.05,15,2.21,0.8,0.46,s c l,Tehri,6
395,7.99,0.314,8.11,189.4,53.6,103.8,2050,360,32.4,1.6,1.07,6.87,4.3,0.6,0.44,s c l,Tehri,7
396,7.55,0.618,7.15,180.4,58.4,69.2,2200,420,27.7,1,1.13,7.42,0.75,0.8,0.3,s c l,Tehri,7
397,6.38,0.638,7.73,184.6,38.4,49.5,2550,270,29,1.2,1.45,27.32,0.86,1.1,0.12,c l,Tehri,7
398,7.69,0.401,9.47,213.6,59.2,89,1150,300,26.3,0.3,0.92,4.08,0.61,1.2,0.13,s c l,Tehri,7
399,7.18,0.408,5.22,167.2,36,128.6,1650,150,33.8,0.6,1.32,9.47,0.68,1.6,0.16, s c l,Tehri,6
400,7.07,0.605,6.37,172.8,35.2,153.3,1850,120,12.8,0.6,1.38,12.63,0.73,0.9,0.33,s c l,Tehri,6
401,7.09,0.556,7.34,181.6,55.2,212.6,2350,180,18.2,0.7,1.62,14.19,1.26,1.4,0.11,s c l,Tehri,6
402,7.27,0.399,7.92,186.8,63.2,187.9,2950,30,19.6,0.6,1.5,16.74,1.2,1.2,0.31,c l,Tehri,6
403,6.99,0.197,9.08,206,71.2,148.4,2550,420,22.3,0.8,1.72,25.34,3.64,0.8,0.13,s c l,Tehri,6
404,7.31,0.295,6.18,172.8,64.8,103.8,1700,330,30.4,0.5,1.51,14.85,1.04,0.7,0.37,c l,Tehri,7
405,7.22,0.405,5.22,166,72.8,84.1,3550,300,27.7,1.3,1.64,10.59,2.9,0.6,0.13,c l,Tehri,7
406,7.6,0.409,6.57,176.8,68,64.3,2350,150,24.3,1,0.72,3.57,1.18,1.1,0.11,s c l,Tehri,7
407,7.08,0.223,9.47,218.4,59.2,79.1,1650,330,25.7,0.9,1.87,25.47,4.58,0.7,0.13,c l,Tehri,7
408,7.17,0.527,7.92,184.8,71.2,49.5,50,270,19.6,1,1.23,11.34,0.38,0.9,0.1,c l,Tehri,7
409,7.47,0.441,8.31,196,76.8,202.7,950,90,29,9.7,1.73,4.82,0.56,1.2,0.12,s c l,Tehri,6
410,7.26,0.652,7.92,182.8,56.8,89,750,390,25,1,0.96,6.72,0.67,1.4,0.1,s c l,Tehri,7
411,7.59,0.675,8.89,198.8,70.4,138.5,1150,240,25,1.3,0.73,5.35,0.29,1,0.1,s c l,Tehri,6
412,7.43,0.471,6.37,170.4,54.4,168.1,1350,120,29,1,1.18,13.85,0.64,0.8,0.08,s c l,Tehri,6
413,7.26,0.485,5.6,167.2,74.4,128.6,3450,360,18.2,4.9,1.82,19.33,0.75,0.6,0.14,c l,Tehri,6
414,7.01,0.348,10.41,207.2,67.2,103.8,2350,90,13.5,2.89,1.82,11.82,9.29,0.4,0.11,s l,Tehri,7
415,6.11,0.233,8.89,182.4,84.5,153.3,1750,300,12.8,2.11,2.08,27.68,16.44,1.6,0.3,s c l,Tehri,6
416,6.38,0.301,7.73,168,56,69.2,1550,60,16.9,3.66,2.98,22.13,11.65,1.2,0.08,s l,Tehri,7
417,6.43,0.124,10.68,212.8,48,49.5,650,210,9.5,1.91,2.54,29.3,18.2,0.9,0.45,s l,Tehri,7
418,5.91,0.289,8.37,184.8,58.9,64.3,1350,150,15.5,2.4,2.11,27.56,16.63,0.6,0.33,s c l,Tehri,7
419,6.58,0.209,8.95,190.4,63.2,89,2050,270,14.9,1.85,2.08,16.74,8.98,0.7,0.12,s c l,Tehri,7
420,6.28,0.127,9.08,190.4,52,123.6,2650,360,12.2,2.31,3.03,28.38,19.67,1.4,0.36,s l,Tehri,6
421,6.36,0.279,9.47,196,65.6,202.7,1700,210,16.9,2.15,2.04,19.74,14.76,0.7,0.08,s c l,Tehri,6
422,5.89,0.483,10.08,207.2,61.7,168.1,1850,330,35.8,6.07,2.21,35.82,5.58,1,0.1,s l,Tehri,6
423,7.55,0.365,8.14,179.2,71.2,64.3,2200,210,19.6,4.81,1.21,5.562,1.58,0.6,0.12,si c l,Tehri,7
424,6.42,0.211,9.57,201.6,69.6,79.1,100,240,16.9,5.44,1.36,28.6,11.18,0.4,0.11,s l,Tehri,7
425,6.74,0.278,10.55,218.4,68,128.6,750,300,16.2,7.09,1.23,19.49,13.15,0.3,0.33,s l,Tehri,6
426,6.15,0.27,10.12,207.2,92.1,173.1,1700,210,10.1,2.39,1.1,26.55,7.94,0.4,0.1,s c l,Tehri,6
427,6.26,0.335,7.73,186,66.4,148.4,1150,330,14.9,3.2,1.42,33.46,5.09,0.6,0.12,s l,Tehri,6
428,7.37,0.467,7.92,184.8,73.6,98.9,750,150,19.6,3.62,1.18,6.06,3.52,1.1,0.07,s l,Tehri,7
429,6.05,0.256,8.89,196,67.4,168.1,1750,180,14.9,2.35,1.34,29.39,11.37,0.6,0.08,s c l,Tehri,6
430,6.79,0.365,7.53,179.2,69.6,103.8,950,270,39.8,8.12,1.2,17.56,8.24,0.9,0.09,s l,Tehri,7
431,6.9,0.383,9.37,201.6,68.8,79.1,3550,270,29.7,5.17,1.55,18.88,4.95,0.8,0.13,s c l,Tehri,7
432,6.26,0.39,8.31,188,76,69.2,2750,300,37.8,4.45,2.14,34.02,13.8,0.7,0.07,s c l,Tehri,7
433,7.05,0.394,8.89,196.8,64.8,103.8,2200,210,16.2,4.99,1.02,10.32,6.27,0.6,0.11,s c l,Tehri,7
434,6.82,0.244,9.57,201.6,66.4,118.7,1250,600,27.7,3.16,1.31,21.59,10.01,2.6,0.14,s c l,Tehri,6
435,7.01,0.358,6.37,173.6,70.4,192.9,2350,1140,29,9.95,1.05,11.13,7.25,0.3,0.12,s c l,Tehri,6
436,6.63,0.192,5.02,162.4,64.8,54.4,800,120,26.3,2.21,1.33,22.81,10.76,0.7,0.1,s c l,Tehri,7
437,7.24,0.474,9.5,201.6,69.6,210.1,1150,360,22.3,4.43,0.89,8.3,4.74,2.3,0.1,s c l,Tehri,6
438,6.52,0.526,8.15,179.2,64,123.6,1000,600,31.1,4.46,1.58,24.36,7.67,1.2,0.16,s c l,Tehri,6
439,8.05,0.41,8.89,191.6,73.6,224.5,1050,810,21.6,3.52,1.4,8.55,8.07,1.5,0.12,s l,Tehri,6
440,7.15,0.287,10.57,218.4,68,138.5,1450,420,24.3,3.41,2.5,57.64,12.92,1.7,0.08,s c l,Tehri,6
441,7.82,0.331,8.8,184.8,73.6,195.5,1400,690,23,6.34,2.39,11.28,10.37,3.6,0.12,s c l,Tehri,6
442,6.95,0.283,9.92,190.4,54.4,84.1,700,570,25,3.7,1.74,47.11,8.23,2,0.16,s c l,Tehri,7
443,7.34,0.45,7.15,162.4,56.8,143.4,2250,870,25.7,8.89,0.91,16.45,30.06,2.2,0.35,s l,Tehri,6
444,7.47,0.584,7.92,189.6,54.4,192.1,2500,750,45.9,4.89,0.54,4.37,5.19,1.7,0.28,s l,Tehri,6
445,6.92,0.675,5.8,152,59.2,103.8,1750,720,48.6,8.31,0.56,7.33,5.39,1.8,0.24,s l,Tehri,7
446,7.45,0.804,3.86,135.2,66.4,183,1550,630,35.1,3,0.46,3.35,2.74,0.9,0.21,s l,Tehri,6
447,7.25,0.829,3.9,140,71.2,143.4,900,810,48.6,3.1,0.42,3.99,1.95,1.1,0.24,s l,Tehri,6
448,7.31,0.826,6.37,163.2,58.4,187,1650,750,43.2,5.66,0.74,4.39,2.5,1.3,0.24,s l,Tehri,6
449,7.06,0.859,9.27,215.6,56.8,185.8,2050,780,36.5,9.21,0.65,4.51,2.59,1,0.5,s l,Tehri,6
450,7.39,0.683,4.44,159.6,71.2,222.5,1500,630,39.2,5.71,0.95,4.45,2.08,1.4,0.36,s c l,Tehri,6
451,7.31,0.812,8.31,196.4,67.2,156.4,2250,780,47.3,5.19,0.96,3.44,2.07,3.4,0.36,s c l,Tehri,6
452,7.22,0.792,4.64,150.8,55.2,192.9,1950,780,43.2,7,1.13,4.41,2.13,2.1,0.29,s c l,Tehri,6
453,7.4,0.766,8.31,185.2,62.4,196.7,1550,720,40.5,4.35,1.38,5.14,2.52,1.5,0.24,s c l,Tehri,6
454,7.48,0.786,7.34,181.6,71.2,108.8,1200,600,44.6,3.8,1.08,4.23,2.38,1.4,0.27,s c l,Tehri,7
455,7.29,0.641,5.48,167.2,71.2,138.5,1700,690,52,4.47,0.76,3.66,2.78,1.3,0.3,s c l,Tehri,6
456,7.45,0.815,5.86,169.2,63.2,113.7,2450,660,58.1,3.48,0.63,2.45,3.19,0.7,0.35,s c l,Tehri,7
457,6.95,0.493,6.44,175.2,55.2,153.3,2250,660,52.7,13,0.97,7.82,2.77,0.7,0.23,s c l,Tehri,6
458,7.57,0.34,7.92,182.8,73.6,118.7,1500,750,27,4.47,0.4,3.76,2.43,0.4,0.14,s c l,Tehri,6
459,6.23,0.377,8.5,196.8,54.4,98.9,750,330,25.7,2.89,1.25,14.44,9.75,0.6,0.17,s c l,Tehri,7
460,6.16,0.791,5.8,162.4,75.05,79.1,650,720,23,2.7,0.83,8.06,4.66,0.7,0.5,c l,Tehri,7
461,7.78,0.235,6.18,169.4,63.2,243.5,1750,600,31.7,3.98,0.94,2.78,3.21,0.4,0.48,s c l,Tehri,6
462,6.23,0.384,6.02,171.6,34.4,69.2,550,270,18.9,1.84,0.92,58.94,1.88,0.7,0.52,s c l,Tehri,7
463,6.96,0.253,7.15,177.2,72,59.3,700,390,25.7,0.93,1.02,59.43,1.25,0.4,0.38,c l,Tehri,7
464,5.91,0.442,7.73,180.4,37.05,69.2,50,1470,28.4,1.15,0.66,37.38,4.83,0.4,0.33,c l,Tehri,7
465,5.38,0.234,6.18,173.6,54.15,49.5,50,930,18.9,1.1,0.66,46.8,2.91,0.7,0.42,s c l,Tehri,7
466,5.6,0.471,6.57,179.2,52.25,84.1,850,1020,24.3,3.45,0.96,50.03,2.25,0.9,0.3,s c l,Tehri,7
467,5.75,0.287,5.02,161.6,56.05,64.3,400,1140,29,2.85,1.29,15.49,16.75,0.3,0.29,s c l,Tehri,7
468,6.69,0.371,8.31,199.2,73.6,113.7,1000,1140,29,4.63,1.23,12.41,18.97,0.6,0.24,s l,Tehri,7
469,6.96,0.448,7.06,180.4,54.4,181.4,2500,690,29.7,5.7,0.78,7.11,14.95,0.6,0.14,s l,Tehri,6
470,7.63,0.315,7.28,187.2,73.6,64.3,1200,180,42.5,3.83,1.37,12.35,15.13,0.9,0.36,s c l,Tehri,7
471,7.2,0.231,7.34,183.6,70.4,84.1,650,990,28.4,2.53,1.19,16.92,16.92,0.4,0.27,s c l,Tehri,7
472,6.61,0.353,8.31,196.8,68,98.9,1100,570,27,4.49,1.29,10.09,16.18,0.9,0.5,s c l,Tehri,7
473,7.15,0.386,5.99,168.4,40.8,192.9,1450,660,34.4,6.24,0.82,7.32,8.46,0.3,0.24,s c l,Tehri,6
474,7.14,0.27,7.92,183.6,51.2,148.4,950,930,20.9,2.3,0.9,3.46,7.16,0.3,0.33,c l,Tehri,6
475,7.46,0.294,5.8,156.8,67.2,153.3,1400,480,19.6,1.86,1.07,5.01,13.31,0.7,0.24,c l,Tehri,6
476,7.47,0.289,6.95,175.6,59.2,123.6,500,240,23,1.5,1.1,5.21,12.4,0.5,0.26,c l,Tehri,6
477,7.65,0.344,6.37,169.4,37.6,197.8,1150,900,29,3.81,1.41,8.62,10.4,0.5,0.27,s c l,Tehri,6
478,7.73,0.334,5.64,162.8,66.4,181.9,1350,480,29.7,10.54,1.82,9.53,10.02,0.8,0.38,s c l,Tehri,6
479,7.55,0.684,7.73,181.8,63.2,220.3,1750,390,37.8,6.37,1.73,6.57,14.31,1.3,0.27,s c l,Tehri,6
480,7.84,0.375,6.37,172.4,76,166.3,1800,330,26.3,4.64,1.86,3.25,17.29,0.7,0.3,s c l,Tehri,6
481,7.97,0.46,5.8,163.6,68.8,246.5,1800,270,32.4,2.68,1.04,1.91,14.22,0.8,0.26,s c l,Tehri,6
482,7.81,0.452,8.11,199.2,76.8,208.3,1700,120,28.4,1.92,0.83,3.23,14.62,1,0.29,s c l,Tehri,6
483,7.66,0.48,6.06,168,66.4,210,1750,150,31.7,3.57,1.69,6.44,16.6,1.9,0.3,s c l,Tehri,6
484,8.17,0.541,6.37,175.6,73.6,250.2,2000,150,13.5,2.76,0.76,2.96,12.41,1.1,0.24,s c l,Tehri,6
485,7.9,0.479,7.73,184.4,54.4,210.9,1850,30,23.6,4.78,1.17,3.74,12.6,1.3,0.46,s c l,Tehri,6
486,7.44,0.552,8.11,191.2,62.4,178,1050,210,37.8,6.364,2.1,7.46,8.3,0.7,0.3,s c l,Tehri,6
487,7.38,0.731,6.57,172.2,68.8,225.2,2550,180,48.6,6.04,2.41,7.13,7.32,0.7,0.3,s c l,Tehri,6
488,7.84,0.381,7.73,183.6,49.6,236,2000,240,27.7,6.08,2.29,7.59,12.52,0.6,0.36,s c l,Tehri,6
489,7.56,0.589,6.95,176.2,64.8,163.2,1450,390,50.6,5.72,2.74,11.65,7.34,0.6,0.33,c l,Tehri,6
490,7.69,0.405,9.08,210.4,70.4,186.5,1850,360,27,7.11,1.9,7.95,8.69,0.7,0.51,s c l,Tehri,6
491,7.49,0.593,9.47,213.6,72.8,187.4,2300,60,52,5.05,2.47,10.13,8.48,0.7,0.35,s c l,Tehri,6
492,6.67,0.345,8.89,192.4,30.4,84.1,100,240,26.3,1.59,1.43,14.04,6.68,0.9,0.36,s c l,Tehri,7
493,6.68,0.304,9.85,220.4,29.6,49.5,200,300,20.3,1.79,1.49,9.03,7.53,0.4,0.22,s c l,Tehri,7
494,6.27,0.591,9.47,212.4,38.4,153.3,1200,150,19.6,3.84,2,19.53,8.19,0.9,0.26,l,Tehri,6
495,6.02,0.223,8.5,195.6,79.8,89,500,120,23.6,0.96,1.42,15.66,13.55,0.6,0.29,s c l,Tehri,7
496,6.37,0.376,5.99,162.8,26.4,64.3,400,240,25.7,2.72,1.76,11.47,9.38,0.8,0.23,s c l,Tehri,7
497,5.62,0.708,6.02,169.2,72.2,84.1,1100,150,31.7,2.73,1.46,7.7,10.97,0.5,0.21,s c l,Tehri,7
498,6.14,0.425,7.34,180.4,84.5,59.3,1750,360,20.3,1.28,1.89,71.21,7.51,0.6,0.38,s c l,Tehri,7
499,7.19,0.87,7.92,184.8,51.2,84.1,150,270,22.3,1.11,2.04,77,3.84,0.5,0.23,s c l,Tehri,7
500,5.99,0.623,8.89,192.2,61.7,168.1,800,240,28.4,1.75,1.79,78,8.31,0.8,0.2,s c l,Tehri,6
501,6.69,0.718,6.06,172.4,36,59.3,350,210,29,1.15,2.11,67.15,10,1.6,0.36,s c l,Tehri,7
502,6.23,0.453,7.15,182.4,64.8,113.7,800,420,22.3,1.84,2.33,71.26,16.25,0.7,0.17,s c l,Tehri,7
503,7.11,0.815,4.48,156.8,49.6,173.1,350,30,30.4,1.36,1.65,61.96,5.88,0.4,0.24,s c l,Tehri,6
504,6.84,0.931,6.57,173.6,40.8,123.6,2150,150,38.5,3.77,1.07,19.24,13.9,0.9,0.09,s c l,Tehri,6
505,7.45,0.694,5.02,162.8,65.6,89,2600,150,37.1,2.6,1.15,23.03,11.27,0.5,0.23,s c l,Tehri,7
506,5.91,0.304,7.73,183.4,72.2,173.1,3150,60,37.8,8.2,0.69,7.99,14.02,0.4,0.24,s c l,Tehri,6
507,5.78,0.507,7.92,188.4,80.7,94,2600,30,39.8,3.3,0.74,7.58,12.82,0.6,0.36,s l,Tehri,7
508,6.36,0.445,8.89,199.2,72.8,202.7,2650,180,40.5,5.99,0.94,28.53,7.42,0.9,0.14,s c l,Tehri,6
509,6.6,0.315,8.31,192.4,68.8,64.3,1200,480,47.9,2.13,0.49,0.38,5.51,0.7,0.23,s l,Tehri,7
510,6.06,0.271,8.5,196.8,89.3,153.3,1650,60,29,3.14,0.94,29.88,21.37,0.7,0.35,s c l,Tehri,6
511,6.65,0.479,6.18,177.6,59.2,74.2,1050,360,39.8,3.01,1.51,36.03,11,1,0.25,s c l,Tehri,7
512,6.74,0.363,8.31,192.4,74.4,183,700,420,35.1,2.75,0.89,29.02,15.03,0.7,0.17,s c l,Tehri,6
513,7.29,0.875,7.15,182.2,63.2,98.9,1400,720,45.2,3.29,1.59,44.9,12.63,0.8,0.11,s c l,Tehri,7
514,6.86,0.483,6.57,173.6,66.4,178,2500,30,26.3,4.3,1.8,46.12,12.1,0.8,0.27,s c l,Tehri,6
515,6.31,0.138,5.02,169.2,51.2,123.6,2550,510,18.2,2.81,0.83,9.71,7.05,0.9,0.11,s c l,Tehri,6
516,5.91,0.125,7.73,183.6,79.8,113.7,1700,210,18.9,4.01,1.24,36.71,12.33,0.9,0.34,s c l,Tehri,7
517,5.66,0.331,6.57,174.8,75,157.9,1200,120,15.5,2.6,0.91,11.22,9.36,1.2,0.11,s c l,Tehri,6
518,6.22,0.225,8.89,198,40,197,900,1410,19.6,6.33,1.93,33,35.35,1,0.15,s c l,Tehri,6
519,7.76,0.534,5.8,173.6,58.4,212.5,1000,150,20.9,10.42,11.02,7.89,10.3,0.9,0.13,s c l,Tehri,6
520,7.33,0.612,7.92,186.4,61.6,215.3,900,180,20.3,11.45,6.08,11.09,12.48,0.7,0.1,s c l,Tehri,6
521,6.32,0.732,7.73,182.4,56.8,225.5,1800,120,28.4,6.51,1.98,27.85,25.31,0.8,0.12,s c l,Tehri,6
522,6.55,0.664,6.64,171.6,59.2,212,1700,210,29,7.61,2.07,23.54,28.17,0.6,0.19,s c l,Tehri,6
523,6.54,0.328,5.48,160.4,75.2,236.3,2000,330,18.9,6.86,1.98,23.31,36.18,0.8,0.12,s l,Tehri,6
524,6.31,0.225,8.5,196.8,68.4,118.7,750,540,16.9,3.42,1.81,29.4,40.58,0.7,0.36,s c l,Tehri,6
525,6.26,0.228,7.34,182.4,68,123.6,550,570,28.4,3.2,1.64,25.52,36.26,0.7,0.26,s c l,Tehri,6
526,6.1,0.192,8.11,191.6,58.9,54.4,300,270,20.3,0.57,0.66,15.48,14.32,0.7,0.26,s c l,Tehri,7
527,5.91,0.339,5.8,172.4,68.4,54.4,200,120,17.6,0.59,0.58,8.14,5.98,0.8,0.2,s c l,Tehri,7
528,6.28,0.344,6.57,176.4,62.4,216.7,800,390,25,3.44,0.5,14.96,19.68,0.3,0.18,s c l,Tehri,6
529,6.92,0.465,5.99,171.2,54.4,197.1,500,60,33.1,1.92,0.32,1.81,13.36,1.4,0.12,s l,Tehri,6
530,5.16,0.525,6.02,178.8,90.2,118.7,650,270,14.9,1.72,0.76,28.23,18.37,1.2,0.25,s c l,Tehri,6
531,5.87,0.444,6.86,178.4,84.5,84.1,400,270,12.8,1.17,0.55,17.99,12.34,0.8,0.08,s l,Tehri,7
532,6.21,0.217,8.5,198.4,56,167.8,600,330,25,2.97,0.69,19.33,28.06,0.3,0.3,s c l,Tehri,6
533,5.72,0.289,8.89,201.4,67.4,49.5,200,270,12.2,0.43,0.34,9,12.69,0.9,0.12,s c l,Tehri,7
534,7.75,0.173,6.57,172.8,65.6,113.7,1650,120,19.6,7.26,1.34,5.16,29.51,0.6,0.11,s c l,Tehri,7
535,7.86,0.342,6.02,169.2,47.2,108.8,1400,90,12.8,5.33,1.17,3,28.38,0.5,0.27,s c l,Tehri,7
536,7.78,0.312,6.22,172,66.4,44.5,2050,180,23,4.49,2.31,14.48,10.23,0.4,0.21,s c l,Tehri,7
537,7.72,0.295,6.95,176.8,74.4,74.2,1950,120,21.6,4.23,2.12,9.98,6.66,0.6,0.25,s c l,Tehri,7
538,7.67,0.334,6.18,171.2,50.4,84.1,2000,510,25.7,8.35,3.21,18.48,15.19,0.8,0.11,s c l,Tehri,7
539,7.61,0.404,7.06,180.4,68,69.2,1500,660,23,5.83,2.67,14.03,16.68,1.4,0.21,s c l,Tehri,7
540,7.15,0.356,7.15,182.4,19.2,84.1,600,330,23.6,3.8,2.25,36.13,30.74,0.7,0.3,s c l,Tehri,7
541,7.42,0.359,8.89,190.8,64.8,69.2,900,810,14.2,6.52,4.78,22.52,14.59,1,0.36,c l,Tehri,7
542,6.89,0.397,6.57,174.8,61.6,94,1250,330,29,8.66,5.38,54.67,23.06,1.7,0.19,s c l,Tehri,7
543,7.47,0.385,5.48,165.6,61.6,74.2,2350,210,17.6,9.4,3.66,18.21,20.51,1.8,0.29,s c l,Tehri,7
544,6.79,0.267,6.57,175.2,70.4,84.1,950,330,21.6,6.94,2.52,15.56,14.81,1.5,0.15,c l,Tehri,7
545,7.42,0.301,7.15,182.8,66.4,79.1,1550,120,13.5,4.32,1.68,20.55,9.76,0.8,0.12,s c l,Tehri,7
546,7.85,0.502,6.8,176.8,71.2,103.8,2400,300,19.6,10.89,1.49,6.81,24.01,0.8,0.1,s l,Tehri,7
547,7.64,0.617,5.09,162.4,42.4,59.3,1300,180,14.2,2.35,2.11,15.66,3.39,1.6,0.15,s c l,Tehri,7
548,7.58,0.583,4.06,145.6,15.2,84.1,1200,720,19.6,1.91,1.94,13.65,2.39,1.4,0.11,s c l,Tehri,7
549,7.68,0.502,8.69,189.2,61.6,217.4,1500,420,21.6,13,1.91,14.51,23.26,0.8,0.08,s c l,Tehri,6
550,7.58,0.538,7.99,186.8,12.8,89,1300,120,22.3,2.02,1.48,18.88,3.49,1.2,0.14,s c l,Tehri,7
551,7.43,0.485,5.02,162.8,13.6,59.3,850,240,18.2,2.78,1.68,19.26,3.08,0.9,0.27,s c l,Tehri,7
552,7.77,0.349,7.53,181.2,71.2,236.7,1200,180,15.5,3.16,2.01,12.25,13.9,1.9,0.28,s c l,Tehri,6
553,6.82,0.517,6.09,172.8,73.6,49.5,800,150,19.6,3.46,4.04,28.73,9.92,0.8,0.11,c l,Tehri,7
554,7.52,0.414,5.48,164.6,63.2,69.2,650,90,23.6,3.35,4.93,7.86,10.18,0.9,0.24,s c l,Tehri,7
555,7.89,0.626,6.95,176,75.2,44.5,850,330,26.3,2.06,2.99,19.51,16.54,0.7,0.33,s c l,Tehri,7
556,7.49,0.482,7.92,186.8,62.4,84.1,1700,420,19.6,1.95,0.51,5.54,5.92,2,0.12,s l,Tehri,7
557,7.66,0.364,6.09,177.2,16,79.1,1450,120,20.9,1.57,2.24,12.04,4.88,0.7,0.19,s l,Tehri,7
558,6.62,0.203,5.22,165.4,15.2,84.1,850,90,22.3,1.78,0.89,24.63,40.8,0.8,0.12,s l,Tehri,7
559,6.23,0.398,6.37,176,22.4,79.1,1050,810,18.9,1.25,0.37,22.33,26.13,0.7,0.09,s c l,Tehri,7
560,6.65,0.394,7.15,179.2,12,79.1,1400,240,17.6,3.07,0.83,20.67,48.88,1,0.1,s c l,Tehri,7
561,6.82,0.586,6.57,172,67.2,246.2,800,330,27.7,6.24,1.24,34.33,59.61,0.6,0.16,s c l,Tehri,6
562,6.62,0.404,5.48,166,31.2,113.7,1550,30,27,3.36,4,46.02,46.19,1,0.13,s c l,Tehri,7
563,6.32,0.393,6.86,177.2,20,98.9,1250,360,25,2.47,2.61,58.02,60.02,1.5,0.17,s c l,Tehri,7
564,5.81,1.15,21.51,303.86,4.34,195.6,860,60,26.65,1.11,1.96,23.86,10.01,1.77,0.55,sl,Chamoli,3
565,5.36,0.75,19.76,344.78,3.25,118.2,840,120,13.63,2.33,0.34,64.78,28.6,1.23,0.36,sl,Chamoli,3
566,5.48,0.69,6.65,290.19,4.34,171.3,680,24,21.07,1.79,0.7,10.19,13.42,0.77,0.27,sil l,Chamoli,3
567,6.04,0.65,18.01,336.4,7.27,126.6,760,24,17.35,2.92,0.46,56.4,13.94,0.65,0.64,l,Chamoli,3
568,5.55,0.42,8.04,344.18,5.03,54.1,880,24,17.97,3.1,0.47,64.18,25.51,0.65,0.36,sl,Chamoli,3
569,5.38,0.87,19.41,320.95,7.63,91.4,860,24,15.49,1.9,0.52,40.95,15.7,0.5,0.27,sil l,Chamoli,3
570,5.85,0.65,18.01,299.36,3.94,127.6,660,60,15.49,1.85,2.03,19.36,15.46,0.65,0.55,scl,Chamoli,3
571,5.37,0.57,4.02,325.94,3.98,194.1,780,12,17.35,1.21,0.46,45.94,13.79,0.81,0.18,sl,Chamoli,3
572,5.46,0.51,19.06,330.71,6.37,169.3,820,24,14.25,1.27,0.4,50.71,16.08,0.58,0.36,sil l,Chamoli,3
573,5.98,0.7,16.26,326.63,7.59,232.4,860,24,17.97,4.02,0.89,46.63,11.15,1.35,0.55,sl,Chamoli,3
574,6.37,1.39,19.76,308.67,15.51,88.9,920,72,17.35,15.41,0.77,28.67,23.73,2,0.73,ls,Chamoli,3
575,6.96,1.63,4.02,289.87,11.58,135.1,640,36,14.25,1.73,1.78,9.87,17.08,0.81,0.82,sl,Chamoli,1
576,6.2,0.22,14.52,298.92,7.52,83.4,220,24,10.54,0.7,0.13,18.92,10.6,0.39,0.64,l,Chamoli,3
577,5.65,0.38,13.64,322.12,3.15,90.4,300,12,11.77,1.33,0.24,42.12,8.83,1,0.55,sl,Chamoli,3
578,5.83,0.3,8.57,305.2,3,74.5,260,84,9.3,0.55,0.13,25.2,10.25,0.5,0.36,ls,Chamoli,3
579,6.06,0.37,10.84,297.88,2.86,81.9,440,12,13.63,1.84,1.65,17.88,9.5,0.42,0.73,sl,Chamoli,3
580,5.43,0.44,19.76,325.74,5.64,123.1,520,48,5.58,1.33,0.21,45.74,17.64,0.54,0.27,scl,Chamoli,3
581,5.45,0.37,13.64,316.44,5.17,91.4,280,24,7.44,1.11,0.21,36.44,16.57,0.42,0.36,ls,Chamoli,3
582,5.5,0.4,15.74,339.49,6.44,99.8,240,24,13.01,0.96,3.04,59.49,9.3,0.46,0.45,l,Chamoli,3
583,6.27,0.36,13.12,295.94,3.18,222.9,360,48,8.06,0.58,0.18,15.94,7.94,0.54,0.82,sl,Chamoli,3
584,5.4,0.55,21.16,332.6,1.41,69,520,72,10.54,2.44,6.24,52.6,14.02,0.62,0.45,cl,Chamoli,3
585,6.36,0.77,15.57,295.57,3.29,90.4,660,12,8.68,1.12,2.24,15.57,5.32,0.39,0.91,scl,Chamoli,3
586,5.64,0.49,21.34,302.13,7.16,158.9,680,24,11.77,2.4,0.43,22.13,7.67,2.04,0.36,scl,Chamoli,3
587,6.75,0.47,5.77,325.1,11.84,89.4,300,12,13.01,12.55,3.11,45.1,8.54,0.65,0.73,sl,Chamoli,3
588,5.32,0.45,18.89,306.31,5.57,58.1,340,12,6.82,1.17,0.84,26.31,10.38,0.39,0.18,sil l,Chamoli,3
589,7.16,1.1,13.82,293.82,11.01,116.2,860,36,7.44,11.86,0.88,13.82,4.47,0.85,1,sl,Chamoli,3
590,5.5,0.39,16.09,331.64,7.67,66,800,36,8.06,0.94,1.24,51.64,9.07,0.35,0.36,sl,Chamoli,3
591,6.46,0.52,15.04,313.88,6.76,66.5,740,36,9.3,1.02,0.8,33.88,8.38,0.23,0.73,l,Chamoli,3
592,6.49,0.99,3.5,315.37,6.87,148,320,72,8.68,0.76,0.51,35.37,10.08,0.46,0.82,sil l,Chamoli,3
593,5.5,0.44,19.94,334.85,6.04,76.5,340,48,11.16,1.51,0.91,54.85,9.93,0.5,0.45,cl,Chamoli,3
594,6.97,1.09,5.77,300.32,9.82,90.4,300,24,13.01,0.74,2.66,20.32,52.69,0.96,0.82,sl,Chamoli,3
595,5.9,0.33,12.94,342.99,5.61,110.2,600,48,11.77,2.66,8.73,62.99,7.64,0.89,0.55,ls,Chamoli,3
596,6.2,0.31,17.84,330.54,7.16,122.6,700,12,12.39,2.43,0.87,50.54,16.87,0.58,0.73,l,Chamoli,3
597,6.28,0.59,24.31,330.5,5.64,169.3,660,48,8.06,2.11,0.75,50.5,17.12,0.92,0.64,sil l,Chamoli,3
598,6.56,0.56,18.89,323.68,5.07,130.6,780,36,7.44,0.7,1.94,43.68,7.53,0.35,0.82,cl,Chamoli,3
599,5.9,0.31,16.26,341.44,7.27,71.5,280,84,8.68,3.18,0.99,61.44,30.21,1.04,0.64,cl,Chamoli,3
600,6.2,0.31,17.49,336.46,7.74,106.8,300,96,9.3,2.02,0.98,56.46,28.24,1.16,0.91,l,Chamoli,3
601,5.62,0.5,4.55,333.79,4.81,98.8,360,48,11.77,4.74,1.66,53.79,40.67,0.39,0.45,sl,Chamoli,3
602,5.55,0.76,5.77,303.77,3.58,138,660,48,9.3,2.62,1.41,23.77,6.99,1.43,0.36,l,Chamoli,3
603,5.43,0.37,16.09,333.79,5.57,77,440,24,7.44,1.4,0.78,53.79,25.7,0.42,0.27,cl,Chamoli,3
604,5.78,0.4,13.64,286.7,4.45,123.1,520,48,0.51,0.24,24.86,6.7,10.54,1.19,0.45,sl,Chamoli,3
605,5.82,0.4,17.84,286.79,3.94,129.6,800,24,0.85,0.29,34.97,6.79,8.06,0.54,0.55,sl,Chamoli,3
606,5.76,0.36,9.62,284.68,4.05,100.8,500,12,0.56,0.38,27.6,4.68,9.92,0.69,0.36,sl,Chamoli,3
607,5.88,0.43,14.69,285.32,7.27,154.9,560,48,0.62,0.3,35.81,5.32,7.44,1,0.55,sl,Chamoli,3
608,6.81,0.45,17.49,286.34,22.65,193.6,740,36,0.72,0.31,34.81,6.34,9.3,1,0.73,cl,Chamoli,1
609,5.69,0.6,22.91,290.8,4.05,212,200,48,1.04,0.7,43.56,10.8,8.68,0.62,0.45,l,Chamoli,3
610,6.62,0.85,17.31,284.47,26.47,56.1,740,48,0.96,0.48,18.39,4.47,6.2,0.58,0.91,ls,Chamoli,7
611,6.16,1.21,17.49,302.77,3.94,132.1,880,60,4.63,0.77,51.21,22.77,9.3,0.81,0.73,sl,Chamoli,3
612,5.25,1.16,18.54,288.63,3.18,203.6,240,12,0.74,0.52,38.52,8.63,5.58,1,0.36,cl,Chamoli,3
613,5.9,0.6,22.04,290.26,1.84,259.2,1120,24,1.73,0.6,41.08,10.26,9.92,1,0.64,sl,Chamoli,3
614,7.15,0.75,12.24,285.3,19.8,53.1,760,72,1.14,0.46,15.86,5.3,6.2,0.77,1,l,Chamoli,3
615,6.6,0.72,10.67,289.2,21.35,55.1,860,48,4.44,1.42,18.52,9.2,7.44,0.58,0.73,cl,Chamoli,3
616,6,0.38,15.04,289.24,3.54,45.7,720,72,1.24,0.45,40.85,9.24,5.58,1.08,0.55,scl,Chamoli,3
617,5.97,0.61,13.47,296.18,3.15,58.1,840,132,1.66,0.49,53.19,16.18,10.54,0.65,0.45,ls,Chamoli,3
618,5.76,0.25,8.22,289.05,2.78,61.1,1060,24,0.58,0.32,40.79,9.05,9.92,1.16,0.45,sl,Chamoli,3
619,5.81,0.42,22.39,288.78,3.54,81.9,160,60,1.68,0.29,35.99,8.78,9.3,0.58,0.55,sil l,Chamoli,3
620,5.7,0.48,13.12,290.89,3,50.1,720,72,1.12,0.4,33.89,10.89,9.3,0.54,0.45,l,Chamoli,3
621,5.98,0.42,12.59,294.32,1.59,71.5,380,24,1.09,0.5,35.9,14.32,10.54,1.66,0.64,cl,Chamoli,3
622,6.04,0.39,12.94,291.52,1.95,65.5,160,60,1.04,0.51,33.16,11.52,5.58,0.92,0.73,l,Chamoli,3
623,5.7,0.49,10.14,285.76,2.75,46.7,840,12,0.65,1.28,14.62,5.76,9.92,0.5,0.36,cl,Chamoli,3
624,7.25,0.62,6.65,282.09,3.54,56.6,660,48,0.35,0.28,12.12,2.09,6.2,1.27,1.09,l,Chamoli,3
625,6.34,0.59,20.11,301.02,4.01,87.4,740,36,6.08,6.72,44.73,21.02,7.44,1.73,0.73,sl,Chamoli,3
626,5.9,0.5,17.14,290.9,3.15,65,740,12,0.92,0.45,40.74,10.9,5.58,1.16,0.55,sl,Chamoli,3
627,6.26,0.64,11.89,284.92,3.29,102.8,860,24,0.69,0.27,26.2,4.92,8.68,1.54,0.82,sil l,Chamoli,3
628,6.23,0.52,12.24,288.93,4.38,48.7,600,60,1.07,0.41,43.61,8.93,10.54,0.69,0.73,ls,Chamoli,3
629,6.32,0,15.74,287.68,4.81,52.6,1440,96,0.7,0.42,38.49,7.68,6.2,1.27,0.64,scl,Chamoli,3
630,6.15,0.6,18.19,285.93,5.64,67.5,700,12,3.44,0.8,18.52,5.93,6.82,0.54,0.55,sl,Chamoli,3
631,6.09,0.59,11.19,287.95,3.94,74.5,900,24,1.57,0.52,55.63,7.95,12.39,0.65,0.55,sil l,Chamoli,3
632,6.06,0.48,16.26,286.17,2.39,42.7,660,108,1.12,0.43,53.89,6.17,7.44,0.96,0.45,l,Chamoli,3
633,6.08,0.42,15.22,286.32,3.54,59.1,520,60,0.67,0.35,59.66,6.32,9.92,0.69,0.64,sl,Chamoli,3
634,6.11,0.59,18.89,282.05,4.01,99.8,860,12,0.51,3.1,71.14,2.05,21.07,0.58,0.73,ls,Chamoli,3
635,5.95,0.48,9.09,285.38,3.91,65.5,800,36,0.5,3.49,71.42,5.38,6.2,0.92,0.55,scl,Chamoli,3
636,5.7,0.57,10.84,299.68,5.21,87.9,820,12,2.16,5.67,39.34,19.68,9.92,0.89,0.45,sil l,Chamoli,3
637,5.86,0.7,27.63,287.53,4.77,73,660,60,1.2,5.71,65.91,7.53,6.2,0.54,0.55,sil l,Chamoli,3
638,5.98,0.86,20.46,285.33,4.05,51.1,1240,96,0.92,1.7,18.41,5.33,11.16,0.54,0.73,ls,Chamoli,3
639,6.2,0.78,28.51,328.66,4.38,115.7,1180,24,5.09,2.09,53.87,48.66,8.06,0.73,0.55,scl,Chamoli,3
640,6.16,0.88,21.51,325.08,3.94,102.3,920,84,1.42,2.08,14.79,45.08,6.82,0.73,0.45,l,Chamoli,3
641,6.05,0.56,18.89,318.72,2.78,85.4,500,12,3.8,1.51,50.82,38.72,7.44,1.31,0.27,l,Chamoli,3
642,5.53,1.14,29.91,309.06,3.54,55.1,840,24,8.14,1.44,50.42,29.06,11.77,1.39,0.36,cl,Chamoli,3
643,5.75,1.04,14.52,295.09,2.75,172.3,620,132,3.23,1.38,57.34,15.09,13.01,1.46,0.45,sl,Chamoli,3
644,6.85,0.89,16.26,289.26,23.01,77,500,96,3.58,2.91,41.7,9.26,6.82,0.42,0.82,sl,Chamoli,3
645,5.02,1.6,18.71,318.09,4.77,54.1,800,24,10.89,3.79,71.9,38.09,4.96,1.19,0.27,sil l,Chamoli,3
646,6.06,0.85,22.91,297.8,4.3,57.6,860,36,4.62,2.53,64.71,17.8,6.2,0.69,0.55,cl,Chamoli,3
647,5.73,0.57,8.92,285.02,4.45,44.2,640,24,6.27,0.31,14.39,5.02,3.72,1.08,0.45,ls,Chamoli,3
648,5.47,0.9,11.02,317.61,3.94,61.6,620,60,7.23,2.49,67.44,37.61,9.3,1.5,0.36,ls,Chamoli,3
649,5.01,0.31,10.49,306.67,4.05,36.7,520,24,3.57,3.25,73.91,26.67,3.72,0.85,0.27,sl,Chamoli,3
650,4.85,0.36,7.87,318.99,7.27,33.8,340,36,4.89,3.33,74.88,38.99,4.96,0.81,0.18,l,Chamoli,3
651,5.93,0.64,18.89,301.09,5.64,42.2,480,24,4.54,2.52,63.64,21.09,6.82,0.96,0.55,scl,Chamoli,3
652,7.13,0.92,19.76,286.89,21.66,86.9,840,36,3.54,1.21,30.96,6.89,8.06,1.69,0.91,ls,Chamoli,3
653,6.85,1.06,18.01,288.23,35.06,54.1,520,204,1.99,1.47,26.75,8.23,6.82,2.12,0.73,l,Chamoli,7
654,6.77,1.06,19.94,289.62,41.99,86.9,660,48,0.49,0.08,15.71,9.62,5.58,1.69,0.64,cl,Chamoli,7
655,6.37,1.01,20.11,289.41,4.81,94.3,600,24,0.09,0.77,7.96,9.41,7.44,0.89,0.55,scl,Chamoli,3
656,6.96,0.92,20.99,289.85,16.65,57.1,160,84,4.74,2.39,27.7,9.85,9.92,0.5,0.73,sl,Chamoli,3
657,7.38,1.4,15.74,285.55,28.75,71,260,84,2.9,6.12,21.93,5.55,9.3,0.5,1,ls,Chamoli,7
658,7.44,1.34,24.66,307.96,17.53,84.4,440,60,1.3,0.77,25.08,27.96,3.72,0.73,0.91,l,Chamoli,3
659,6.65,0.87,21.16,326.86,22.96,56.6,580,24,1.57,0.64,35.66,46.86,8.68,0.81,0.64,scl,Chamoli,3
660,7.14,0.93,22.39,291.9,40.69,59.1,440,132,1.65,3.56,36.95,11.9,3.72,0.85,0.82,sil l,Chamoli,7
661,7.06,1.04,19.76,289.1,47.21,93.8,860,12,2.09,4.25,34.69,9.1,22.31,1.08,0.73,s,Chamoli,7
662,6.97,0.69,26.76,288.34,18.98,250.2,880,24,1.74,3.53,36.27,8.34,9.3,1.73,0.64,sil l,Chamoli,1
663,6.35,0.81,25.01,305.67,6.37,60.1,60,96,3.97,6.82,38.84,25.67,4.34,1.27,0.55,l,Chamoli,3
664,8.09,1.7,14.17,286.23,6.62,121.2,220,60,5.46,1.22,14.07,6.23,10.54,1.12,1.27,scl,Chamoli,3
665,7.17,1.25,10.84,284.49,26.47,201.1,760,60,0.92,0.18,9.92,4.49,6.2,1.19,0.82,sil l,Chamoli,5
666,7.01,1.07,13.29,286.88,34.49,214.5,840,60,2.93,0.47,21.57,6.88,7.44,0.62,0.73,sl,Chamoli,5
667,6.76,0.82,21.16,284.72,15.36,214,820,72,1.92,0.31,23.67,4.72,6.82,0.65,0.55,ls,Chamoli,1
668,7.19,1.23,19.41,286.99,17.79,120.2,1060,144,4.72,0.48,16.18,6.99,8.68,0.5,1,sl,Chamoli,1
669,6.62,0.43,9.97,287.87,31.64,42.2,1460,60,13.1,0.5,19.4,7.87,3.1,0.89,0.64,sl,Chamoli,7
670,6.9,0.45,14.17,284.69,29.21,35.3,540,24,10.73,0.35,13.6,4.69,4.34,0.5,0.73,ls,Chamoli,7
671,6.68,0.53,8.57,284.49,41.26,32.3,820,12,2.37,0.57,12.5,4.49,7.44,0.35,0.73,sl,Chamoli,7
672,6.65,0.53,9.09,294.54,21.87,29.8,280,24,4.62,1.47,56.5,14.54,10.54,0.65,0.64,ls,Chamoli,3
673,6.3,0.4,7.52,287.85,7.67,24.8,660,60,0.46,0.42,21.05,7.85,4.34,0.46,0.64,ls,Chamoli,3
674,7.1,0.92,22.21,283.39,17.79,222.9,720,12,0.53,0.16,3.13,3.39,5.58,0.89,0.91,sil l,Chamoli,1
675,6.98,1.13,15.91,301.25,31.64,59.6,920,24,1.59,2.14,12.68,21.25,3.1,0.58,0.73,scl,Chamoli,7
676,6.6,0.78,13.99,301.54,27.04,62.6,100,120,1.5,1.57,13.71,21.54,4.34,0.73,0.64,sl,Chamoli,7
677,6.35,0.81,16.09,287.76,7.2,73,460,84,0.62,1.04,30.45,7.76,7.44,0.5,0.55,ls,Chamoli,3
678,6.5,0.74,15.04,317.94,23.16,54.1,660,48,1.32,2.61,26.11,37.94,4.34,0.69,0.64,sil l,Chamoli,3
679,7.48,1.04,14.69,288.67,17.22,269.1,900,36,0.37,1.1,37.39,8.67,8.06,0.73,1.09,ls,Chamoli,1
680,6.05,0.67,11.54,331.39,4.45,60.1,400,24,0.89,2.46,23.8,51.39,4.96,0.54,0.45,sil l,Chamoli,3
681,6.9,0.74,15.74,284.96,24.46,98.3,60,24,0.35,0.12,10.03,4.96,6.82,0.5,0.82,scl,Chamoli,3
682,6.98,1.1,13.29,285.13,21.3,202.6,460,48,0.97,0.96,19.56,5.13,4.96,0.5,0.82,scl,Chamoli,1
683,6.54,0.93,12.77,295.53,17.53,91.4,860,60,0.92,1.46,21.24,15.53,6.82,0.89,0.55,sil l,Chamoli,3
684,7.5,1.39,16.44,292.54,22.96,96.3,1180,36,1.89,1.2,9.84,12.54,3.1,2.35,1.09,sl,Chamoli,3
685,6.75,0.72,16.79,294.4,26.47,62.1,1000,48,0.69,4.05,55.66,14.4,1.24,0.5,0.64,ls,Chamoli,7
686,7.1,1.3,11.89,281.93,20.17,79.9,720,24,3.6,7.14,57.11,1.93,3.72,1.04,1,cl,Chamoli,3
687,7,0.79,12.24,283.37,21.35,75.5,1280,48,1.07,0.6,8.15,3.37,1.86,0.5,0.82,sil l,Chamoli,3
688,5.94,0.75,16.44,311.17,7.56,80.9,660,96,3.3,1.75,37.91,31.17,5.58,0.62,0.45,sl,Chamoli,3
689,6.78,0.76,17.14,302.6,35.01,66,920,24,1.63,1.05,22.08,22.6,6.2,0.65,0.73,scl,Chamoli,7
690,6.4,0.63,14.69,302.69,6.76,62.1,1560,132,1.23,0.98,33.35,22.69,4.34,1.31,0.55,ls,Chamoli,3
691,5.84,0.43,15.74,315.2,3.36,56.6,580,48,1.87,1.19,53.96,35.2,9.3,0.62,0.27,scl,Chamoli,3
692,6.61,0.31,13.12,311.49,20.58,65.5,660,72,1.66,0.97,42.73,31.49,13.63,2.16,0.64,ls,Chamoli,3
693,6.95,1.08,17.66,303.14,21.35,64.1,820,24,2.03,0.91,19.09,23.14,3.1,0.42,0.82,ls,Chamoli,3
694,7.38,1.55,5.77,301.05,27.04,71,640,60,4.1,2.7,25.11,21.05,4.34,1.5,1,sl,Chamoli,7
695,7.59,1.64,7.17,294.16,21.3,55.6,560,24,6.23,2.37,39.37,14.16,4.34,0.65,1.18,sil l,Chamoli,3
696,7.17,1.43,26.23,290.56,17.48,92.4,1360,60,0.47,1.13,46.59,10.56,17.97,2.62,0.91,cl,Chamoli,3
697,7.18,1.38,5.77,332.64,23.58,74.5,1620,24,1.49,2.33,36.94,52.64,6.2,1.08,1,scl,Chamoli,3
698,7.12,1.54,7.52,311.33,30.97,94.8,1540,60,3.24,3.82,60.47,31.33,7.44,0.92,1,ls,Chamoli,7
699,7.2,1.21,9.44,308.05,16.13,63.6,1160,96,2.99,1.89,24.78,28.05,9.92,0.96,1.18,cl,Chamoli,3
700,6.5,0.93,21.16,289.92,21.3,64.5,1120,24,5.76,1.55,19.4,9.92,10.54,0.73,0.73,l,Chamoli,3
701,6.55,0.8,18.01,294.44,17.22,58.6,1460,48,1.51,1.83,15.71,14.44,8.06,0.58,0.64,sl,Chamoli,3
702,8.29,2.41,23.78,285.57,7.67,59.6,1020,204,3.31,1.22,6.74,5.57,13.01,2.16,1.36,sil l,Chamoli,3
703,7.06,1.24,18.01,290.2,31.7,120.2,1020,72,4.27,1.23,12.95,10.2,9.3,0.58,0.91,ls,Chamoli,5
704,7.16,1.44,8.74,319.66,16.65,104.3,940,48,3.13,1.51,10.23,39.66,11.77,1.04,1.09,l,Chamoli,3
705,6.09,1.26,12.77,334.96,3.29,69,820,84,1.21,2.46,27.53,54.96,6.82,0.69,0.55,scl,Chamoli,3
706,6.32,0.95,15.74,333.75,3.15,45.2,540,96,1.43,2.32,30.58,53.75,5.58,1.77,0.73,ls,Chamoli,3
707,6.1,0.53,18.19,331.71,2.82,125.1,380,84,1.25,2.51,51.75,51.71,8.68,0.81,0.55,cl,Chamoli,3
708,7.2,1.11,19.59,288.41,21.3,144,140,84,2.92,1.28,10.74,8.41,8.06,0.58,1,scl,Chamoli,1
709,6.33,1.24,23.26,289.09,1.63,141,1400,60,3.3,1.29,31.32,9.09,13.01,1.39,0.73,sl,Chamoli,3
710,6.26,0.54,14.69,288.75,2.39,125.1,380,108,1.08,4.92,54.15,8.75,8.68,0.96,0.64,sil l,Chamoli,3
711,7.07,1.78,24.66,296.37,15.51,118.7,880,156,1.39,1.52,17.72,16.37,6.82,0.85,0.91,sl,Chamoli,1
712,7.1,0.97,16.61,523.86,15.46,156.4,840,204,0.58,2.22,16.94,8.14,4.34,1.16,0.82,l,Chamoli,3
713,6.14,0.78,19.76,564.78,4.01,162.4,840,84,1,3.46,58.58,14.9,12.39,1.12,0.73,sl,Chamoli,3
714,6.35,0.68,16.26,510.19,5.17,61.6,1300,108,0.66,2.87,34.44,9.08,9.3,1.39,0.64,sil l,Chamoli,3
715,6.6,0.63,15.74,556.4,22.96,83.4,420,192,0.67,2.78,41.07,6.85,6.82,0.69,0.73,sl,Chamoli,2
716,6.5,0.76,10.67,564.18,20.17,60.6,600,84,1.33,2.46,33.43,8.77,11.77,0.46,0.55,sil l,Chamoli,2
717,6.3,0.62,19.76,540.95,5.57,69,520,72,0.92,1.8,41.43,15.5,9.3,1.5,0.55,sl,Chamoli,3
718,5.85,0.58,18.89,519.36,7.27,72,480,48,1.07,1.39,47.27,15.17,2.48,0.92,0.36,sl,Chamoli,3
719,6.47,1.09,11.19,545.94,7.7,194.1,520,60,13.07,1.56,22.69,14.27,6.82,2.12,0.64,ls,Chamoli,3
720,7.25,1.58,12.59,550.71,26.37,184.7,800,84,4.88,1.59,16.74,12.28,9.92,0.42,1,ls,Chamoli,3
721,7.33,1.39,5.77,546.63,19.44,72,500,108,4.95,2.32,17.27,12.13,10.54,2.27,1.09,scl,Chamoli,2
722,6.5,0.61,11.89,528.67,17.22,98.3,760,72,0.87,3.1,34.2,10.51,17.97,0.92,0.64,cl,Chamoli,2
723,6.7,1.18,16.26,509.87,16.75,104.8,440,120,1.05,2.38,24.09,10.73,20.45,0.39,0.73,l,Chamoli,2
724,5.5,0.86,23.78,518.92,6.8,93.3,480,24,0.72,1.17,51.65,52.67,6.82,0.39,0.36,l,Chamoli,3
725,5.45,5.43,19.76,542.12,6.87,159.9,560,288,0.72,1.25,55.59,54.08,5.58,0.42,0.27,sil l,Chamoli,3
726,5.65,0.38,24.48,525.2,5.61,151.4,560,108,0.45,1.07,50.26,33.51,10.54,0.62,0.45,ls,Chamoli,3
727,6.45,1.37,5.77,517.88,3.15,138,400,120,2.36,2.33,67.99,12.1,8.68,0.81,0.64,l,Chamoli,3
728,5.65,1.18,7.52,545.74,2.42,120.7,380,240,4.5,1.04,66.8,27.71,15.49,0.73,0.36,sl,Chamoli,3
729,5.45,1.37,18.89,536.44,3.58,121.6,100,216,7.12,1.04,59.05,33.3,11.77,1,0.45,sl,Chamoli,3
730,7.33,2.83,17.66,559.49,21.15,197.6,20,48,8.43,2.14,36.97,18.71,6.82,0.85,1.09,sil l,Chamoli,3
731,6.6,1.59,12.42,515.94,21.35,152.9,440,96,3.9,2.04,42.22,19.35,4.96,0.89,0.82,l,Chamoli,3
732,5.55,0.89,9.62,552.6,3.25,61.6,800,72,2.6,1.08,66.1,30.62,15.49,1.08,0.36,ls,Chamoli,3
733,5.25,0.7,8.04,515.57,4.05,82.4,860,144,7.42,1.62,70.69,34.81,14.25,0.85,0.27,ls,Chamoli,3
734,6.7,1.26,25.36,522.13,14.27,57.1,140,120,14.53,3.2,26.29,6.1,6.82,0.81,0.64,sl,Chamoli,2
735,6.14,0.97,11.89,545.1,4.05,100.3,360,24,6.86,3.27,71.37,21.06,11.77,0.65,0.55,ls,Chamoli,3
736,5.55,0.62,7.35,526.31,7.2,125.6,160,168,4.32,1.68,63.35,10.31,24.17,0.65,0.36,sil l,Chamoli,3
737,6.14,1.43,18.54,513.82,3.54,141,500,24,7.37,2.42,73.79,24.47,15.49,0.81,0.55,ls,Chamoli,3
738,6.1,0.98,27.46,551.64,2.42,89.4,880,12,5.62,2.68,77.71,11.63,6.82,1,0.45,scl,Chamoli,3
739,6.14,1.13,18.36,533.88,2.35,115.2,860,12,3.59,2.34,73.13,10.8,9.3,0.54,0.55,ls,Chamoli,3
740,5.97,0.92,20.99,535.37,3.15,121.6,780,24,2.98,2.04,69.68,10.64,8.68,0.92,0.45,l,Chamoli,3
741,5.93,0.95,6.82,554.85,3.58,164.3,600,72,5.1,2.28,77.75,14.08,9.3,0.42,0.36,sl,Chamoli,3
742,5.96,1.43,18.89,520.32,4.05,172.8,500,96,4.4,2.55,84.22,18.58,8.06,0.54,0.45,scl,Chamoli,3
743,5.69,1.32,21.69,562.99,5.79,193.6,680,36,3.63,2.08,79.81,19.05,13.63,0.96,0.36,ls,Chamoli,3
744,6.17,1.22,21.69,550.54,3.29,201.1,660,72,3.49,1.53,64.95,25.41,23.55,1.08,0.55,l,Chamoli,3
745,5.57,0.27,18.19,550.5,1.59,120.2,660,72,1.18,0.66,44.7,14.29,8.68,0.39,0.36,sil l,Chamoli,3
746,5.95,0.37,13.47,543.68,3.94,73,600,24,0.64,0.73,35.08,13.95,11.77,0.39,0.45,sl,Chamoli,3
747,5.7,0.44,18.71,561.44,7.67,54.1,940,36,1.25,0.57,45.23,13.04,13.63,0.69,0.55,sl,Chamoli,3
748,6.4,0.71,15.39,556.46,3.54,264.2,920,72,1.12,0.38,17.39,8.8,11.77,0.42,0.64,l,Chamoli,3
749,5.57,0.52,17.49,553.79,2.64,89.4,1060,108,0.7,0.55,25.28,11.36,20.45,0.39,0.36,sl,Chamoli,3
750,5.82,0.47,19.94,523.77,2.93,91.4,1300,60,0.44,0.25,12.73,8.4,15.49,0.89,0.45,sl,Chamoli,3
751,6.4,0.88,15.39,553.79,1.59,89.9,920,24,0.9,0.29,15.27,11.41,4.96,0.54,0.64,ls,Chamoli,3
752,5.56,0.53,14.17,506.7,2.75,62.6,480,24,0.6,0.38,17.16,9.98,8.06,0.54,0.45,ls,Chamoli,3
753,6.05,0.25,18.89,506.79,3.54,73,620,36,0.67,0.75,27.02,13.19,3.72,0.62,0.64,sil l,Chamoli,3
754,7.27,0.18,16.09,504.68,16.13,62.1,260,108,0.68,0.92,32.25,18.29,6.82,0.69,1,ls,Chamoli,2
755,6.58,0.17,21.51,505.32,17.68,95.3,180,108,1.56,0.8,31.9,41.08,7.44,0.27,0.73,scl,Chamoli,2
756,6.7,0.2,19.06,506.34,14.84,101.3,180,108,1.1,0.93,30.08,46.75,9.3,0.77,0.64,ls,Chamoli,2
757,6.45,0.7,25.01,510.8,4.77,160.4,260,36,0.43,1.35,22.34,20.25,7.44,1.85,0.64,scl,Chamoli,3
758,6.77,0.2,18.89,504.47,21.3,169.3,620,108,1.9,1.18,40.11,36.28,6.82,0.77,0.73,sil l,Chamoli,3
759,6.55,0.32,25.18,522.77,21.15,91.4,700,12,2.56,1.17,54.69,53.08,4.34,1.27,0.55,ls,Chamoli,2
760,7.02,0.73,15.91,508.63,12.1,95.3,1440,24,0.92,0.28,7.46,9.33,8.06,0.73,0.82,l,Chamoli,2
761,6.78,0.54,22.04,510.26,17.22,139,280,24,1.17,0.99,24.99,10.51,5.58,0.42,0.64,ls,Chamoli,3
762,6.57,0.75,20.46,505.3,23.27,189.2,240,24,10.75,0.36,16.11,10.3,11.77,0.96,0.55,sl,Chamoli,3
763,6.58,1.03,17.84,509.2,20.68,94.8,460,36,4.93,1,20.63,24.91,5.58,0.85,0.55,sl,Chamoli,2
764,6.1,0.5,13.47,509.24,4.3,102.3,740,48,1.15,0.67,31.31,6.79,3.1,1.04,0.55,sil l,Chamoli,3
765,5.92,0.57,20.99,516.18,7.67,70.5,80,36,1.22,0.74,38.4,11.82,6.2,1.12,0.45,scl,Chamoli,3
766,6.05,0.54,25.71,509.05,3.18,55.6,1040,60,2.23,0.59,28.39,6.59,4.34,0.73,0.55,ls,Chamoli,3
767,6.08,0.63,20.64,508.78,3.54,134.1,840,96,0.99,0.91,21.45,12.02,3.72,1.35,0.64,ls,Chamoli,3
768,6.35,0.79,11.54,510.89,2.78,189.2,860,36,0.9,1.1,16.08,7.9,9.92,0.85,0.73,l,Chamoli,3
769,6.03,0.57,20.29,514.32,5.17,145.5,720,48,0.96,1.38,23.97,6.61,12.39,0.77,0.55,l,Chamoli,3
770,6.66,0.62,14.34,511.52,21.3,102.8,620,72,0.39,1.16,11.99,15.13,6.2,1.43,0.73,scl,Chamoli,2
771,6.53,0.72,21.86,505.76,20.06,168.3,860,24,1.01,1.72,26.39,8.44,8.68,1.04,0.64,cl,Chamoli,3
772,6.93,1.24,21.34,502.09,18.87,85.4,740,48,1.53,0.91,13.29,10.43,9.3,1.08,0.73,cl,Chamoli,2
773,7.24,1.09,26.41,521.02,15.51,246.8,640,12,2.01,0.62,9.83,15.05,3.72,0.92,1.09,scl,Chamoli,3
774,6.67,0.98,18.71,510.9,23.53,186.2,780,36,1.96,1.51,16.98,8.25,2.48,1.62,0.73,ls,Chamoli,3
775,7.01,1.15,27.46,504.92,20.58,255.2,820,60,8.16,3.43,23.86,9.55,3.1,1.54,0.82,l,Chamoli,3
776,6.52,0.76,25.53,508.93,15.46,138,660,12,2.47,2.28,25.03,14.89,1.86,0.42,0.64,sl,Chamoli,3
777,6.35,0.53,13.12,507.68,3.58,110.2,560,48,1.13,2.13,26.09,13.76,4.96,0.73,0.45,sil l,Chamoli,3
778,6.46,0.78,13.82,505.93,1.95,100.8,660,48,1.42,2.24,28.96,16.31,5.58,0.42,0.55,sl,Chamoli,3
779,6.08,0.52,19.94,507.95,7.16,31.3,840,48,0.58,1.35,45.03,13.63,3.1,0.58,0.55,sil l,Chamoli,3
780,6.94,1,19.76,506.17,16.24,165.8,560,84,3.45,1.1,19.09,13.64,4.34,0.92,0.73,sl,Chamoli,3
781,6.11,0.52,18.19,506.32,29.32,95.3,480,24,1.38,1.02,36.58,29.72,8.06,0.58,0.55,ls,Chamoli,8
782,6.23,0.7,24.13,502.05,3.54,173.8,780,12,1,1.05,24.99,21.53,6.2,1.08,0.64,ls,Chamoli,3
783,5.9,0.4,12.59,505.38,4.77,91.4,560,48,0.44,1.7,43.06,13.9,2.48,0.62,0.36,scl,Chamoli,3
784,6.88,1.2,19.76,519.68,20.63,96.8,240,48,1.66,2.13,31.55,8.63,6.82,1.89,0.64,ls,Chamoli,2
785,5.67,0.42,16.44,507.53,1.95,186.2,260,96,1.37,1.54,30.15,7.59,3.1,0.31,0.45,cl,Chamoli,3
786,5.75,0.92,20.99,505.33,3.58,100.3,360,48,1.07,3.26,62.47,12.44,8.06,0.65,0.55,l,Chamoli,3
787,5.12,0.34,15.22,548.66,3.94,119.2,460,36,0.79,3.07,74.36,8.99,6.2,0.54,0.36,l,Chamoli,3
788,6.2,0.91,19.41,545.08,5.97,104.8,440,120,0.84,2.28,50.02,11.27,1.86,0.85,0.64,scl,Chamoli,3
789,6.24,0.78,17.49,538.72,7.27,59.1,460,192,0.89,2,56.74,11.69,4.96,1.43,0.55,ls,Chamoli,3
790,6.34,1.04,25.18,529.06,7.74,78.5,640,12,0.62,1.33,23.59,11.98,5.58,0.96,0.64,sil l,Chamoli,3
791,6.2,0.6,14.69,515.09,6.76,99.8,620,72,1.1,2.68,32.28,33.96,10.54,1.66,0.64,sl,Chamoli,3
792,6.38,0.77,11.89,509.26,5.61,181.7,840,24,1.81,2.86,24.22,27.92,4.96,1.5,0.73,ls,Chamoli,3
793,6.27,0.75,17.31,538.09,3.4,91.4,260,84,0.69,3.62,30.33,37.08,4.34,0.58,0.64,scl,Chamoli,3
794,6.25,0.75,24.83,517.8,7.67,57.6,440,24,6.1,5.9,71.28,9.73,8.06,0.69,0.64,cl,Chamoli,3
795,5.96,0.54,25.18,505.02,7.02,153.9,340,108,2.55,3.36,69.41,12.96,3.72,0.69,0.45,l,Chamoli,3
796,5.84,0.65,26.23,537.61,7.63,115.7,280,108,4.45,9.03,68.74,3.79,6.82,0.46,0.45,scl,Chamoli,3
797,5.83,0.35,18.36,526.67,3.94,161.4,520,84,1.53,2.82,44.74,9.76,11.77,1.08,0.36,ls,Chamoli,3
798,6.72,0.63,14.69,538.99,20.01,56.6,220,48,1.81,1.79,10.36,5.47,6.2,1.46,0.73,ls,Chamoli,2
799,5.74,0.35,21.86,521.09,3.54,41.7,200,240,2.1,4.74,63.36,11.63,4.34,1.19,0.45,cl,Chamoli,3
800,6.17,0.7,23.78,506.89,5.64,109.7,460,36,3.39,2.26,38.69,11.09,6.2,0.81,0.55,l,Chamoli,3
801,6.73,0.58,12.94,508.23,22.96,26.3,400,36,1.25,1.56,13.63,4.15,7.44,0.46,0.73,l,Chamoli,2
802,6.5,0.6,15.39,509.62,16.49,63.1,340,84,0.67,1.41,10.84,3.35,8.06,0.46,0.64,ls,Chamoli,2
803,7.13,0.67,11.89,509.41,24.04,97.8,340,36,0.71,1.39,12.77,4.31,5.58,0.62,0.91,sil l,Chamoli,2
804,7.17,0.87,15.91,509.85,26.53,104.8,440,108,1.45,0.74,11.76,6.04,8.68,0.65,1,sil l,Chamoli,8
805,6.5,0.81,19.24,505.55,18.41,184.2,460,84,2.09,0.84,18.01,8.82,6.2,1.12,0.64,sl,Chamoli,3
806,6,0.62,14.52,527.96,7.63,164.8,520,12,2.01,1.51,19.33,9.82,9.3,0.89,0.45,ls,Chamoli,3
807,5.66,0.3,15.57,546.86,7.16,110.2,260,36,0.57,1.33,43.49,11.43,8.68,0.73,0.36,scl,Chamoli,3
808,5.98,0.61,19.76,511.9,7.7,126.6,320,48,2.4,1.07,30.1,7.79,7.44,0.65,0.55,l,Chamoli,3
809,5.96,0.36,17.31,509.1,3.58,103.8,440,204,0.56,1.3,33.95,10.99,5.58,0.69,0.55,scl,Chamoli,3
810,5.78,0.7,3.15,508.34,6.76,155.9,380,156,1.34,0.74,60.27,7.54,7.44,2.16,0.45,l,Chamoli,3
811,6.03,0.74,26.58,525.67,7.52,187.7,860,24,1.04,1.23,53.16,7.1,6.82,2.16,0.64,sil l,Chamoli,3
812,6.36,0.42,26.76,506.23,3.18,146.5,1000,48,0.69,0.93,37.39,6.31,8.06,2.47,0.73,ls,Chamoli,3
813,6.14,0.67,20.64,504.49,3.54,106.8,680,12,0.81,0.51,24.17,5.51,13.01,1.08,0.55,cl,Chamoli,3
814,6.15,0.62,20.46,506.88,3.15,138.5,500,60,1.2,1.06,41.54,7.84,9.3,1,0.55,cl,Chamoli,3
815,6.52,0.78,26.76,504.72,6.76,126.1,740,36,0.89,0.72,25.17,6.12,3.72,1.89,0.73,scl,Chamoli,3
816,5.94,0.53,27.98,506.99,21.15,135.1,260,24,1.18,0.88,54.02,11.29,3.1,1.39,0.45,ls,Chamoli,3
817,6.87,1.24,6.65,507.87,17.84,192.7,440,12,2.31,0.56,28.47,6.86,5.58,1.35,0.82,ls,Chamoli,3
818,6.92,0.97,27.98,504.69,8.39,204.6,520,72,2.31,1,23.5,3.97,3.72,1.89,0.91,scl,Chamoli,3
819,6.42,0.93,19.06,504.49,17.27,238.8,1020,84,2.18,0.77,35.37,8.36,4.34,0.62,0.64,ls,Chamoli,3
820,6.9,0.81,15.91,514.54,21.87,134.1,660,60,5.01,1.19,28.25,5.41,4.96,0.69,0.73,sl,Chamoli,3
821,6.85,1.21,30.26,507.85,21.04,235.4,280,12,2.32,0.95,25.05,4.48,4.34,0.89,0.64,sil l,Chamoli,3
822,5.65,0.49,26.23,503.39,3.58,152.9,420,36,1.53,0.74,65.27,14.65,3.1,0.69,0.45,sl,Chamoli,3
823,6.22,0.76,30.26,521.25,4.45,174.8,380,48,2.15,1.03,39.29,9.3,3.72,0.5,0.73,ls,Chamoli,3
824,6.42,1.12,9.97,521.54,3.15,208,480,24,6.72,1.12,71.12,14.37,8.06,1.23,0.73,sl,Chamoli,3
825,6.57,1.49,23.09,507.76,17.74,220,660,60,1.74,0.52,58.82,14.16,6.2,1.19,0.82,sl,Chamoli,3
826,6.6,0.75,15.74,537.94,21.15,200.1,1240,24,7.47,1.27,48.8,14.46,3.72,0.96,0.64,scl,Chamoli,3
827,6.61,1.09,14.52,508.67,15.46,236.8,1020,72,7,0.88,56.67,12.99,6.2,1.81,0.64,ls,Chamoli,3
828,6.83,1.3,4.55,551.39,21.3,248.3,860,144,5.91,0.87,31.99,16,7.44,2.54,0.73,l,Chamoli,3
829,7.09,1.21,21.69,504.96,26.27,230.9,820,84,2.6,0.74,18.63,8.58,4.96,1.85,0.82,scl,Chamoli,3
830,6.7,1.37,17.14,505.13,18.92,114.2,500,12,15.33,0.8,34.5,14.31,4.96,1.16,0.64,cl,Chamoli,2
831,6.68,1.48,20.64,515.53,15.98,214,220,60,5.25,1.25,22.57,5.39,6.82,1,0.73,ls,Chamoli,3
832,6.83,1.21,23.43,512.54,16.13,240.3,740,36,4.21,0.59,27.54,9.29,6.2,0.69,0.82,ls,Chamoli,3
833,6.14,0.93,27.63,514.4,6.76,215,480,24,2.55,0.72,68.61,18.49,2.48,1.04,0.45,l,Chamoli,3
834,6.96,1.17,24.83,501.93,23.53,241.8,380,36,9.03,0.67,19.44,16.25,4.96,0.54,0.73,sil l,Chamoli,3
835,7.07,1.5,7.52,503.37,21.41,248.3,260,36,2.5,0.66,20.15,9.89,6.82,0.54,1,sl,Chamoli,3
836,6.94,1.61,26.93,531.17,15.41,248.3,520,72,5.52,1.29,39.55,7.09,8.06,1.46,0.82,sl,Chamoli,3
837,7.05,1.19,23.09,522.6,14.84,243.3,620,96,2.92,0.87,19.12,11.99,3.1,0.73,0.91,ls,Chamoli,3
838,7.31,1.32,12.59,522.69,21.3,75,640,120,8.2,1.12,15.14,11.22,6.2,2.62,1.09,ls,Chamoli,2
839,6.31,1.41,8.39,535.2,3.54,243.3,540,36,3.96,1.77,43.47,12.69,9.92,2.35,0.64,scl,Chamoli,3
840,5.13,0.36,11.89,531.49,5.57,238.8,460,36,1.24,0.8,54.07,11.21,2.48,0.69,0.36,l,Chamoli,3
841,4.81,0.5,16.96,523.14,7.16,212,240,72,3.3,0.85,63.16,21.93,7.44,2.43,0.18,sl,Chamoli,3
842,4.88,0.35,12.07,521.05,3.54,227.4,260,108,2.1,1.02,30.6,4.69,7.44,0.73,0.27,sil l,Chamoli,3
843,5.63,0.39,15.39,514.16,7.67,239.3,80,108,7.93,1.06,63.81,9.27,2.48,1.16,0.55,scl,Chamoli,3
844,5.1,0.63,11.02,510.56,3.18,101.8,240,60,1.73,1.37,51.92,20.66,1.86,1.73,0.45,cl,Chamoli,3
845,5.26,0.92,17.14,552.64,6.8,234.4,80,108,2.32,1.1,23.44,5.16,1.86,1.66,0.36,l,Chamoli,3
846,5.1,0.4,7.52,531.33,3.54,157.4,260,12,1.31,0.95,55.17,11.33,1.24,1,0.45,ls,Chamoli,3
847,5.41,0.42,18.01,528.05,2.75,108.2,240,120,2.13,1.16,30.99,9.23,1.86,0.77,0.55,ls,Chamoli,3
848,5.55,0.53,16.44,509.92,3.58,126.1,200,72,0.92,0.67,26.79,6.36,3.1,1.19,0.45,sl,Chamoli,3
849,5.95,0.87,9.97,514.44,7.16,101.8,520,36,1.53,0.65,56.37,14.44,3.1,1.27,0.64,sil l,Chamoli,3
850,4.91,0.98,5.95,505.57,7.63,112.2,320,24,4.05,1.18,66.05,24.52,1.86,1.16,0.27,ls,Chamoli,3
851,5.4,0.72,12.77,510.2,5.97,132.1,80,24,1.14,0.37,32.35,7.31,1.86,0.92,0.45,ls,Chamoli,3
852,5.95,0.76,7.17,539.66,6.37,114.2,520,36,2.3,1.92,56.52,11.89,3.1,0.73,0.64,l,Chamoli,3
853,8.15,0.93,18.89,554.96,7.96,252.2,800,12,2.9,0.79,50.26,11.98,5.58,1.23,1.36,scl,Chamoli,3
854,6.58,1.24,16.26,553.75,12.05,96.3,780,36,3.58,0.82,70.26,12.22,3.72,1.89,0.73,cl,Chamoli,2
855,6.34,0.75,27.28,551.71,1.63,134.6,660,72,2.39,0.59,43.5,9.1,1.86,1.66,0.55,ls,Chamoli,3
856,5.65,0.59,15.91,508.41,5.64,57.6,400,96,5.13,1.15,81.44,16.68,1.86,1.12,0.45,ls,Chamoli,3
857,6.08,0.64,24.48,509.09,2.82,74.5,460,60,2.52,0.83,47.46,7.92,3.1,1.08,0.64,scl,Chamoli,3
858,5.98,0.6,12.77,508.75,7.56,110.2,540,96,5.4,1.26,76.42,6.16,3.1,1.69,0.45,l,Chamoli,3
859,6.13,0.64,24.66,516.37,6.04,113.2,360,84,1.88,1.39,72.33,4.74,2.48,1.08,0.64,l,Chamoli,3
